year,st,state,pollib_median,innovatescore_boehmkeskinner,incshare_top1,hvd_4yr,inst6013_adacope,inst6014_nom,citi6013,wpid,wideo,pid,ideo,npid,mood,democrat,republican,liberal,conservative
2000,AL,Alabama,-1.7985801,0.028871,16.005791,36.069599,66.25,83.073799,32.095699,0.13522901,-0.15997,0.091666996,-0.18539301,360,39.098999,37.293098,30.371607,14.734655,36.450478
2000,AK,Alaska,0.53647202,0.016509,11.645125,46.466099,42.0443,51.130501,21.7351,-0.041402001,-0.037048999,-0.041666999,0.022221999,48,31.612,25.237877,38.170258,14.792521,32.446377
2000,AZ,Arizona,-0.734905,0.098674998,18.322981,32.149899,11.6667,11.9499,40.230499,-0.063020997,-0.12679601,-0.084337004,-0.098159999,332,37.695999,30.90914,37.112766,16.889864,32.727264
2000,AR,Arkansas,-1.65476,0.082064003,16.080391,25.372,32.416698,48.121201,33.548,0.255891,-0.279257,0.23039199,-0.28217801,204,36.862999,36.09367,26.293209,15.207655,33.142185
2000,CA,California,2.49125,0.356455,28.910137,52.390999,85.028999,89.613297,51.1409,0.115276,0.005802,0.093682997,0,1868,36.293999,37.21666,31.274801,22.49976,26.485537
2000,CO,Colorado,-0.35692,0.093019001,21.169529,50.871101,11.9,7.9098601,42.855499,-0.122276,-0.061928,-0.067616001,-0.051282,281,33.439999,30.268909,30.147696,22.415581,29.23991
2000,CT,Connecticut,1.8076,0.097492002,32.715588,40.066002,52.099499,55.179798,59.866798,0.069571003,0.017031999,0.10917,0.044052999,229,39.823002,34.732704,26.089964,22.214993,28.119265
2000,DE,Delaware,0.51779997,0.117165,17.94334,34.849602,58,71.191597,44.245701,-0.046342,-0.036850002,-0.066666998,-0.053571001,60,53.181,66.986221,7.7758188,36.746853,17.352348
2000,FL,Florida,-0.54672599,0.080820002,25.440502,27.2414,7.53125,17.7281,41.8134,0.070055999,-0.048232,0.03348,-0.079963997,1135,36.956001,34.787727,32.180157,19.496849,32.538177
2000,GA,Georgia,-1.44112,0.104365,17.803558,24.812799,75.092598,77.2733,36.979099,0.160853,-0.167098,0.13908499,-0.14808001,568,33.209,35.989429,29.260586,14.171021,33.024555
2000,HI,Hawaii,1.6077501,0.10625,13.195955,44.839298,79.5,90.792099,64.033997,0.055582002,-0.089395002,0.039216001,-0.104167,51,33.730999,34.196659,17.963161,19.394833,21.435768
2000,ID,Idaho,-0.86114001,0.031303,17.527508,25.962299,3.75,11.8314,17.7824,-0.38154101,-0.34497499,-0.35416701,-0.36274499,96,29.112,22.047272,42.726826,13.098419,35.30164
2000,IL,Illinois,0.30740601,0.19716001,21.208324,29.028099,29.1134,34.959,54.389301,0.14265101,-0.019328,0.125635,-0.021330001,788,36.854,35.742439,25.982433,19.816753,31.49329
2000,IN,Indiana,-0.38394299,0.080669999,14.439241,30.8634,52.9491,56.360901,38.936001,-0.024558,-0.233548,-0.002165,-0.19172101,462,33.228001,31.10815,33.782913,17.051657,34.598858
2000,IA,Iowa,0.34962299,0.034519002,12.591952,44.778801,46.035,57.694199,38.673,0.013733,-0.076433003,0.014085,-0.113971,284,36.446999,32.360847,31.459658,16.418972,33.685955
2000,KS,Kansas,-0.69842201,0.068728998,14.801046,39.1483,0,15.457,19.3538,-0.251167,-0.26967001,-0.214912,-0.26666701,228,35.574001,26.397326,39.734226,14.275634,33.953548
2000,KY,Kentucky,-0.38599199,0.087311,14.810532,40.498001,27.3113,55.116699,15.3974,0.17527699,-0.154668,0.155488,-0.18867899,328,33.77,32.979721,36.848942,15.755994,35.013458
2000,LA,Louisiana,-0.97013599,0.069689997,15.737906,28.602699,28.8125,46.9067,24.2243,0.149323,-0.249861,0.124242,-0.20689701,330,35.120998,38.086899,28.189476,16.094351,32.325588
2000,ME,Maine,0.95506197,0.14202499,17.160845,51.0144,63.222801,72.256897,54.2617,-0.042608999,-0.052398998,-0.042856999,-0.014493,140,38.120998,26.570808,27.822489,19.685678,30.166925
2000,MD,Maryland,1.36033,0.070717998,17.931917,40.318199,90.5,87.406898,63.3573,0.218284,0.006013,0.25,0.061124999,424,38.629002,44.410332,28.580425,20.754206,28.655596
2000,MA,Massachusetts,1.81741,0.036582999,31.897251,17.07,62.564098,72.876801,76.706001,0.167293,-0.006445,0.179167,0.012903,480,40.860001,36.518501,16.656691,28.075979,22.360146
2000,MI,Michigan,0.50008303,0.073073,15.529071,51.952301,14.6924,21.8993,53.061501,0.056818999,-0.101335,0.077028997,-0.089041002,727,35.976002,32.027184,30.430378,17.888969,30.055481
2000,MN,Minnesota,1.43025,0.135537,17.325613,54.8498,52.601299,54.062599,51.111198,0.049803998,-0.037510999,0.082125999,-0.045673002,414,36.612,31.518896,29.401249,19.499531,32.201443
2000,MS,Mississippi,-2.02722,0.027349001,15.143937,24.434601,65,74.204498,29.318399,0.166243,-0.332109,0.092436999,-0.28749999,238,38.206001,39.514507,28.863529,15.446128,31.675343
2000,MO,Missouri,-0.16761599,0.088812999,16.876404,38.357399,68.741203,73.792503,41.5989,0.049743999,-0.187144,0.043880001,-0.152273,433,36.588001,32.193649,30.029276,16.371868,35.026676
2000,MT,Montana,0.29846501,0.029819001,15.219795,37.573502,3.2750001,19.9692,42.374401,-0.225805,-0.230822,-0.30188701,-0.252336,106,32.568001,25.50066,39.075359,14.573924,35.372158
2000,NE,Nebraska,-0.301485,0.075672001,16.801426,40.371101,10.2125,29.291599,25.4692,-0.173822,-0.221139,-0.15286601,-0.16875,157,34.279999,26.532393,38.199875,14.08624,37.928848
2000,NV,Nevada,-0.321235,0.086938001,28.564669,47.6063,40.692902,25.869499,50.774899,-0.162155,-0.19012301,-0.091503002,-0.14,153,36.416,28.557652,34.822029,18.85462,29.202387
2000,NH,New Hampshire,0.58853698,0.122618,22.316328,52.1091,52.516701,48.589901,36.8013,-0.053038999,-0.071919002,-0.058026999,-0.073891997,1034,37.945,26.890076,28.518803,20.049021,29.213875
2000,NJ,New Jersey,2.07636,0.110962,24.011135,52.1213,22.25,29.163799,57.956501,0.15222301,-0.053406,0.103846,-0.037255,520,42.955002,36.69125,23.664246,22.932331,23.964975
2000,NM,New Mexico,0.127955,0.068901002,10.124754,35.3633,40.277802,56.044899,42.082298,0.058913,-0.118812,0.067567997,-0.124138,148,34.749001,36.652672,27.325548,18.972761,30.517679
2000,NY,New York,1.88545,0.033975001,28.079081,35.096699,36.745499,46.052101,60.582199,0.199837,-0.003585,0.206957,0.023643,1150,40.456001,39.095917,26.1119,23.918596,25.394651
2000,NC,North Carolina,-1.3846,0.144475,15.367811,41.8573,71.179199,79.472702,38.042,-0.018371999,-0.246902,0.007123,-0.22873899,702,34.886002,34.63298,32.672932,14.785635,34.046772
2000,ND,North Dakota,-1.3068,0.071529001,12.472742,57.335899,15.3653,26.066799,55.912102,-0.053574,-0.181962,-0.142857,-0.20689701,56,31.875999,25.552038,41.861439,13.231083,37.453075
2000,OH,Ohio,-0.054846,0.057032,14.301833,48.2253,8.5769196,24.3972,44.702999,0.044089001,-0.17853899,0.032393001,-0.160677,957,33.521999,32.618805,35.120258,17.992348,32.751122
2000,OK,Oklahoma,-0.763614,0.115516,15.152655,36.878502,27.348101,38.581402,22.673201,0.108074,-0.230381,0.080986001,-0.26449299,284,34.154999,33.293633,36.681732,13.483027,33.805252
2000,OR,Oregon,1.14584,0.14943101,17.624327,46.458199,50.852501,60.6464,52.3144,-0.006001,-0.126995,0.014981,-0.081784002,267,35.238998,29.188997,35.994484,19.315462,30.504513
2000,PA,Pennsylvania,0.4648,0.086579002,18.089165,33.5187,17.831499,28.694099,47.440399,0.069238,-0.198617,0.068793997,-0.163784,1003,40.301998,39.041492,33.670914,19.422144,28.194027
2000,RI,Rhode Island,1.7860399,0.099058002,18.955376,23.5236,73.333298,70.9123,77.256599,0.22305299,-0.025700999,0.21518999,-0.048780002,79,41.106998,36.67627,19.763182,24.679289,25.534924
2000,SC,South Carolina,-1.57815,0.076366,14.842917,22.806801,64.180603,61.907101,44.792099,0.010208,-0.19111601,-0.028302001,-0.18589699,318,35.936001,35.633495,30.645651,15.717324,32.880394
2000,SD,South Dakota,-1.00527,0.042268001,15.851741,44.499001,7.5,21.834801,39.043999,-0.114631,-0.313155,-0.016129,-0.25,62,32.362,27.601677,39.392422,13.672946,36.211681
2000,TN,Tennessee,-0.98361802,0.066049002,16.845825,28.9436,31.0154,42.0923,32.942402,0.084197998,-0.18919,0.085594997,-0.2,479,36.089001,33.341934,31.150597,15.365244,35.946827
2000,TX,Texas,-0.858567,0.120291,20.087959,22.892,22.5201,26.703899,39.897598,0.004032,-0.21779799,-0.009084,-0.221132,1321,31.750999,31.141697,33.781586,15.478812,33.086739
2000,UT,Utah,-1.0786,0.050694,16.668686,46.2159,2.4000001,17.934999,29.480499,-0.088381998,-0.163542,-0.18471301,-0.25324699,157,31.381001,23.08082,47.568886,14.071253,35.654461
2000,VT,Vermont,1.56634,0.066009,16.001696,56.6012,84.583702,85.748001,70.951698,-0.093229003,-0.026318001,-0.058823999,0.019608,51,39.859001,30.936712,26.290895,24.473404,27.509954
2000,VA,Virginia,-0.61244899,0.062176999,16.511717,30.0776,12.15,31.1665,37.871399,-0.017062001,-0.160989,-0.007194,-0.146568,556,36.07,31.391308,35.912296,15.349356,34.159233
2000,WA,Washington,0.96991998,0.14800601,24.67557,47.354099,56.780602,74.545403,38.7668,0.003718,-0.116095,0.022555999,-0.072682001,399,36.570999,29.302341,28.721567,19.945284,26.988562
2000,WV,West Virginia,0.238581,0.046222001,13.278086,39.4692,41.532799,55.123402,54.342999,0.33940101,-0.028608,0.28,0.013699,150,32.821999,36.312302,33.622875,15.249298,34.750446
2000,WI,Wisconsin,0.72140199,0.066559002,15.83262,38.921299,26.067101,19.3598,50.479801,0.071313001,-0.138043,0.059071999,-0.149068,474,36.200001,32.56971,31.266972,17.083141,35.292629
2000,WY,Wyoming,-1.00888,0.041889999,29.603094,29.4674,2.5,11.6791,23.789,-0.061081,-0.074885003,-0.096153997,-0.041666999,52,29.944,23.545153,45.89991,13.30863,36.304649
2001,AL,Alabama,-1.69646,0.059503999,14.749114,37.646099,70,83.073799,34.731899,-0.051507998,-0.24383201,-0.049773999,-0.24561401,221,39.326,35.809505,36.067318,20.004862,33.625568
2001,AK,Alaska,0.66327202,0.061464999,10.307052,45.652901,50.2617,50.811901,28.674601,-0.214073,-0.039882999,-0.20689701,-0.27272701,29,36.526001,25.134226,37.582924,12.512105,40.011318
2001,AZ,Arizona,-0.61547399,0.149362,15.835713,33.706699,20.125,16.7442,42.8437,-0.136777,-0.095188998,-0.103286,-0.040461998,213,44.456001,30.239462,35.185982,17.4226,33.648678
2001,AR,Arkansas,-1.7092299,0.120199,14.8857,25.3867,48,47.308701,49.7243,0.13224401,-0.27006301,0.160584,-0.20869599,137,39.293999,33.492943,33.829628,16.978746,33.433563
2001,CA,California,2.5472801,0.253333,20.079355,51.4002,92.5,89.253899,56.680099,0.11578,0.041854002,0.095728002,0.035941001,1264,42.530998,37.514454,29.130804,23.753531,26.760757
2001,CO,Colorado,-0.30199301,0.095334001,16.482624,53.619099,23.1236,21.157,39.813,0.003326,-0.078746997,-0.010582,-0.007092,189,38.75,29.074291,33.390335,20.068962,36.764439
2001,CT,Connecticut,1.76616,0.063486002,29.658026,37.382,58.641701,57.272499,64.423698,0.173337,0.048930999,0.19254699,0.023256,161,42.558998,33.076172,27.490076,19.950317,30.214458
2001,DE,Delaware,0.53394997,0.089014001,14.859956,33.030201,78.6875,65.364799,61.366001,0.356839,0.090507999,0.25641,0.076922998,39,70.633003,65.300034,10.014942,49.497726,13.986045
2001,FL,Florida,-0.55286098,0.113175,21.865179,28.1609,10.5667,15.7033,49.886299,0.065195002,-0.150428,0.041561998,-0.13628601,794,36.674,33.451557,33.970913,17.508074,33.070541
2001,GA,Georgia,-1.43964,0.100642,15.746388,24.0476,79.3004,76.646599,40.561798,-0.023311,-0.114883,-0.032940999,-0.174174,425,37.793999,30.99369,33.658646,17.354721,37.463867
2001,HI,Hawaii,1.60079,0.085419998,12.532031,45.157001,95.875,90.792099,82.505798,-0.048174001,-0.39175799,0,-0.347826,31,41.053001,37.182346,16.957478,23.310871,22.998852
2001,ID,Idaho,-1.00082,0.020644,13.143364,23.726601,9,12.4662,22.058201,-0.140687,-0.281598,-0.215385,-0.277778,65,33.422001,22.86281,46.017471,10.197807,44.917545
2001,IL,Illinois,0.385346,0.040773001,17.830652,26.604401,32.785999,34.5271,58.6502,0.072743997,-0.115671,0.054409001,-0.073563002,533,39.955002,35.639755,32.037346,17.451242,33.611042
2001,IN,Indiana,-0.30694899,0.123798,13.422707,28.535601,63.378601,55.348999,46.126701,-0.007465,-0.173979,-0.021212,-0.168,330,36.395,25.298199,41.606895,14.417092,38.815002
2001,IA,Iowa,0.34007099,0.02524,11.570921,43.2537,59.957001,57.694199,51.181499,0.091678001,-0.152602,0.098361,-0.133333,183,39.368,30.931505,32.808857,13.178847,35.301418
2001,KS,Kansas,-0.62424201,0.046447001,12.771862,38.029598,7,15.457,31.2262,-0.237681,-0.337666,-0.255034,-0.220183,149,34.700001,25.240185,39.561035,11.300953,41.254692
2001,KY,Kentucky,-0.421363,0.045418002,13.963819,37.612999,24.9321,55.116699,15.5949,0.13742501,-0.114413,0.15678,-0.13953499,236,36.533001,30.191839,42.482025,12.362154,37.061932
2001,LA,Louisiana,-0.97477603,0.155894,15.387743,25.517401,37.6875,46.9067,31.8433,0.224455,-0.206965,0.211982,-0.182353,217,39.998001,38.180286,31.766893,20.786757,35.052792
2001,ME,Maine,1.01888,0.23052301,14.056259,50.349602,76.276901,70.804398,71.6633,-0.033419002,0.041763999,0.034483001,0,116,40.370998,28.393257,29.352221,20.752512,33.127636
2001,MD,Maryland,1.54691,0.145,14.744472,38.0299,97.5,87.406898,67.570602,0.194631,-0.001846,0.2,-0.004831,285,42.544998,44.586224,25.895472,28.277197,27.183321
2001,MA,Massachusetts,1.74839,0.048443999,22.140152,16.726601,68.999702,71.838501,83.506699,0.22849,0.036862999,0.220065,0.104072,309,43.723,37.500942,18.333494,25.859331,23.619942
2001,MI,Michigan,0.390654,0.001623,13.812173,51.9016,16.561001,19.965099,58.167301,0.097351,-0.14010599,0.054767001,-0.125,493,40.695999,34.023956,30.518282,17.636585,33.348145
2001,MN,Minnesota,1.5082901,0.002747,15.16398,54.7509,56.887199,52.353802,56.389,0.18589699,-0.100762,0.13804699,-0.083333001,297,39.894001,27.175663,33.449329,17.069111,36.870068
2001,MS,Mississippi,-1.8943599,0.03655,14.557074,22.1015,71,74.204498,36.643299,-0.035673998,-0.221495,-0.013514,-0.190476,148,39.053001,35.76091,36.523434,18.117619,37.231316
2001,MO,Missouri,-0.076676004,0.086410001,15.337103,36.5588,26.302601,32.109402,46.772099,-0.040358,-0.106177,-0.067796998,-0.112108,295,40.426998,31.215429,33.707787,14.65004,36.39069
2001,MT,Montana,0.242834,0.040521,14.17652,38.332199,14.155,24.3727,49.8241,0.084660999,-0.126072,0.051724002,-0.069766998,58,36.542,23.595076,43.748631,10.861526,42.469635
2001,NE,Nebraska,-0.34952599,0.063781001,14.271648,39.240601,19.5875,28.354799,32.983898,-0.223161,-0.33520499,-0.211382,-0.30769199,123,36.137001,27.301332,41.602352,9.0631742,43.767849
2001,NV,Nevada,-0.230122,0.169312,23.680182,45.820499,37.6054,27.101299,52.066502,-0.044016,-0.31941599,-0.053762998,-0.305556,93,42.259998,32.516834,32.510956,20.036724,31.405296
2001,NH,New Hampshire,0.51304799,0.027003,15.594064,55.063202,53.329399,44.537498,42.1208,-0.094070002,-0.235651,-0.016393,-0.20454501,61,40.598,27.96545,30.988722,25.815386,33.938068
2001,NJ,New Jersey,2.08933,0.149672,20.289619,52.148102,50.232601,47.711899,65.769897,0.13716,-0.012358,0.095628001,0.01107,366,46.175999,31.863081,26.448959,17.04641,31.895071
2001,NM,New Mexico,0.152713,0.124096,17.522335,33.924801,51.3381,56.294899,54.321301,0.034497999,-0.239641,0.121622,-0.152542,74,40.317001,35.88512,29.061289,17.837479,31.698586
2001,NY,New York,1.93077,0.096735999,29.401712,33.8353,40.6577,45.9617,64.259697,0.18301199,-0.072915003,0.19143599,-0.021016,794,44.368999,39.07996,26.873051,21.216515,26.117847
2001,NC,North Carolina,-1.3927799,0.159004,13.74926,40.1432,84.953102,77.151001,47.023998,0.101562,-0.177415,0.095723003,-0.120879,491,36.167,38.946114,32.15414,15.48514,36.083073
2001,ND,North Dakota,-1.309,0.001252,11.655032,59.038399,18.3556,21.6523,61.3643,-0.156498,-0.347565,-0.159091,-0.35294101,44,35.657001,23.433966,40.97699,9.7886982,41.94577
2001,OH,Ohio,-0.091197997,0.024684001,13.606911,46.773998,13.4615,23.7488,48.647598,0.090489,-0.101169,0.030394999,-0.11691,658,38.659,31.994759,34.098701,20.308649,32.883511
2001,OK,Oklahoma,-0.90634,0.055231001,14.434399,34.443699,32.360001,37.708199,32.224701,0.076713003,-0.314569,0.113924,-0.25619799,158,37.791,28.104317,43.617989,8.7440281,40.586193
2001,OR,Oregon,1.1244299,0.129207,13.902052,45.9053,68.396698,65.303703,63.159901,0.024095999,-0.107427,0.010582,-0.120805,189,38.521,28.314402,31.495008,24.530401,34.413956
2001,PA,Pennsylvania,0.396568,0.052096002,15.633533,31.6884,23.011299,29.056,55.030701,0.16266599,-0.084431998,0.121212,-0.115063,660,42.942001,37.154095,33.414982,21.057911,33.218292
2001,RI,Rhode Island,1.8979501,0.063461997,16.583704,21.312201,80.333298,73.036598,85.7584,0.13163801,-0.138413,0.234043,-0.085713997,47,43.339001,38.495262,23.451893,29.251863,27.594177
2001,SC,South Carolina,-1.52082,0.047754999,14.127504,22.5149,52.438202,53.683102,42.975899,0.023373,-0.24931601,-0.004717,-0.30246899,212,39.183998,33.744049,39.871059,12.447205,37.239002
2001,SD,South Dakota,-1.0096,0.036371998,13.521416,42.668201,21.5,21.834801,53.983799,-0.004173,-0.20867001,0.12766001,-0.175,47,36.008999,26.142984,39.606113,11.420307,41.745049
2001,TN,Tennessee,-0.90867698,0.050496001,15.522873,26.4776,37.482899,40.991501,40.6199,-0.018467,-0.18352801,0.003145,-0.142259,318,36.966999,33.23682,38.792473,17.070538,37.417645
2001,TX,Texas,-0.767129,0.187581,17.192554,20.8022,65.675201,63.929501,42.662701,-0.085647002,-0.245722,-0.097374,-0.25205499,914,36.507,27.174822,40.474415,12.681772,35.053051
2001,UT,Utah,-1.0349801,0.093695998,13.347438,49.019798,6.25,17.4932,31.4389,-0.32058299,-0.236572,-0.31775701,-0.22499999,107,35.423,19.276472,46.543224,11.87024,44.195526
2001,VT,Vermont,1.59333,0.051676001,13.527205,57.290401,86.078499,80.406799,79.2687,0.012083,0.039439,0.03438,0.063988,669,44.556999,29.856171,32.677891,26.215427,33.124573
2001,VA,Virginia,-0.816109,0.057123002,13.850266,29.405701,15.8125,23.1647,53.358398,0.079443,-0.194096,0.039062999,-0.15436199,384,40.042999,32.244675,34.29406,16.766712,32.668041
2001,WA,Washington,0.90340698,0.108082,17.516987,45.5233,74.495499,73.202103,51.7635,-0.049392998,-0.19311599,0.012821,-0.147679,312,41.869999,33.140625,28.239231,24.522497,28.57337
2001,WV,West Virginia,0.29215601,0.044640001,13.605561,38.2854,56.8125,54.7901,66.537399,0.0243,-0.140176,0.057691999,-0.130435,104,34.987999,31.503347,39.384724,12.543021,38.34716
2001,WI,Wisconsin,0.85395801,0.024327001,14.212323,37.860001,30.465,21.0888,53.385601,0.097955003,-0.158519,0.103093,-0.12931,291,38.259998,31.467955,33.065182,13.49144,34.451283
2001,WY,Wyoming,-1.05398,0.019440001,24.085148,29.474001,8.8333302,11.6791,27.1628,-0.17570899,-0.073262997,-0.157895,-0.2,19,33.335999,21.569824,46.881805,10.290191,45.534008
2002,AL,Alabama,-1.8332601,0.059503999,14.149126,35.998299,67.25,83.073799,33.778801,-0.03466,-0.219115,-0.098182,-0.200692,275,41.063999,34.145447,35.509621,14.37273,43.386265
2002,AK,Alaska,0.63328201,0.061464999,10.224626,46.1912,49.965099,50.811901,30.8141,-0.53676999,-0.427863,-0.37777799,-0.25,45,34.796001,26.371155,39.363274,14.31514,41.362556
2002,AZ,Arizona,-0.60938001,0.149362,14.881857,35.562302,20.75,16.7442,43.8153,-0.087417997,-0.170086,-0.119691,-0.152941,259,43.959,28.018875,38.726601,17.374512,38.233959
2002,AR,Arkansas,-1.77148,0.120199,14.235644,24.0383,41.9375,47.308701,43.5285,0.215167,-0.227145,0.209677,-0.20442,186,40.118999,34.511623,29.288385,16.535511,40.243092
2002,CA,California,2.5343299,0.253333,17.687557,49.766102,92.352898,89.253899,56.2896,0.11417,-0.037158001,0.098214,-0.012179,1456,42.008999,35.432281,30.269442,24.333324,31.568163
2002,CO,Colorado,-0.345366,0.095334001,15.002913,52.612301,26.0474,19.9328,48.1315,-0.026456,-0.011767,-0.092409,-0.054487001,303,38.916,28.460371,38.903778,19.325361,36.04464
2002,CT,Connecticut,1.70978,0.063486002,23.810242,37.868,54.318298,57.272499,60.840801,0.1441,0.075879999,0.143519,0.12727299,216,42.726002,32.298683,26.573769,23.32073,33.676262
2002,DE,Delaware,0.45040399,0.089014001,14.159166,32.653599,69.1875,65.364799,52.248199,0.420845,0.247794,0.418605,0.27272701,43,65.819,63.180653,8.0825357,46.435936,16.902866
2002,FL,Florida,-0.62145299,0.113175,20.864506,28.135099,7,15.7033,46.065201,0.089492001,-0.100011,0.046829,-0.09082,1025,41.09,35.349281,33.354359,18.905569,36.491043
2002,GA,Georgia,-1.4548399,0.100642,14.902767,25.0023,72.659897,76.646599,35.816898,0.060210999,-0.136025,0.001976,-0.119002,506,36.339001,34.027145,34.891209,16.828884,40.989983
2002,HI,Hawaii,1.57236,0.085419998,11.437619,43.645802,90.625,90.792099,76.380699,-0.047903001,0.086309001,0.080645002,0.076922998,62,41.27,34.752438,21.8727,23.00276,27.450773
2002,ID,Idaho,-1.03053,0.020644,12.298848,29.5956,5.375,12.4662,16.446199,-0.080353998,-0.224133,-0.227273,-0.237288,110,33.226002,23.322342,47.857742,12.094954,45.105518
2002,IL,Illinois,0.340363,0.040773001,17.446199,27.492901,28.275999,34.5271,55.388599,0.109702,-0.039554,0.033236999,-0.060690001,692,41.490002,36.636925,29.81056,21.718973,32.222992
2002,IN,Indiana,-0.42962199,0.123798,13.050994,28.5021,57.147999,55.306999,42.821201,-0.108499,-0.212819,-0.12727299,-0.213043,440,36.023998,28.992863,36.090973,15.302215,39.392101
2002,IA,Iowa,0.32724601,0.02524,11.296376,44.327099,51.632,58.7756,41.530998,-0.038663,-0.093722999,-0.004274,-0.104803,234,39.394001,31.083603,30.900734,18.391197,35.940582
2002,KS,Kansas,-0.634978,0.046447001,13.250825,37.844799,6.6999998,15.457,30.674801,-0.171986,-0.13327,-0.202765,-0.139423,217,34.904999,28.361027,39.541431,14.737461,40.297802
2002,KY,Kentucky,-0.449321,0.045418002,13.184172,34.1912,9.9080801,55.116699,8.4498901,0.112416,-0.202224,0.082111001,-0.192982,341,35.825001,30.98888,39.075302,15.429512,41.432747
2002,LA,Louisiana,-0.88167697,0.155894,14.148384,22.431999,37.799999,46.9067,31.742901,0.174346,-0.277055,0.095744997,-0.254545,282,39.998001,38.282196,30.184841,17.217094,40.508835
2002,ME,Maine,1.05423,0.23052301,13.239964,52.824001,77.111198,73.623299,65.442802,0.023778001,-0.092474997,0,-0.120567,146,41.484001,31.630806,28.571522,20.540323,33.394314
2002,MD,Maryland,1.57593,0.145,13.826981,38.392601,97.5,87.406898,66.961899,0.107972,-0.035882,0.14366201,-0.022221999,355,44.660999,42.959099,25.204147,22.881376,31.632959
2002,MA,Massachusetts,1.77472,0.048443999,18.369154,17.3001,62.198898,71.838501,79.041702,0.126196,-0.035629999,0.136574,-0.031891,432,45.952999,35.312359,18.663706,27.672094,27.093098
2002,MI,Michigan,0.34940001,0.001623,13.882534,52.374401,13.3766,19.965099,54.852501,0.057259001,-0.030803001,0.02029,-0.051701002,690,41.941002,34.232533,31.612141,19.506954,36.737595
2002,MN,Minnesota,1.4539599,0.002747,14.749346,55.671001,54.0578,52.9403,53.015999,0.002007,-0.183787,-0.005222,-0.14320999,383,40.457001,31.87645,29.689009,19.962427,35.555546
2002,MS,Mississippi,-1.93707,0.03655,13.110863,19.7684,67.166702,74.204498,36.008801,-0.024682,-0.29267401,-0.12,-0.28888899,175,40.651001,39.363392,31.475647,15.748567,41.088074
2002,MO,Missouri,-0.128315,0.086410001,14.333863,37.411701,28.724001,34.257599,48.078999,0.067804001,-0.199275,0.068181999,-0.14572901,396,39.334,29.911623,34.625263,17.36743,39.106422
2002,MT,Montana,0.29381201,0.040521,13.770126,41.595901,14.18,24.3727,44.504601,-0.142556,-0.096895002,-0.227273,-0.123596,88,35.437,26.072571,42.508118,14.43501,40.963268
2002,NE,Nebraska,-0.24067999,0.063781001,13.316541,36.584099,15.8375,28.354799,25.2827,-0.019613,-0.21893901,-0.082353003,-0.19186001,170,36.241001,26.757734,42.058796,13.190506,44.202999
2002,NV,Nevada,-0.30197099,0.169312,22.746719,45.5854,36.8283,30.445801,47.810902,0.022815,-0.16332,-0.135417,-0.22,96,41.838001,30.553337,34.950542,18.804323,35.839451
2002,NH,New Hampshire,0.62625098,0.027003,14.103117,56.538399,52.903599,44.537498,42.107201,-0.138116,-0.18816701,-0.085106,-0.119565,94,40.027,29.650364,31.11977,19.379417,34.284149
2002,NJ,New Jersey,2.0913301,0.149672,18.04211,52.174801,79.156303,76.8983,56.597301,0.032900002,-0.034791999,-0.008909,-0.034334999,449,46.037998,36.71875,24.336588,22.400883,32.750935
2002,NM,New Mexico,0.211101,0.124096,11.917369,32.3535,50.067902,56.294899,53.177299,0.16062599,0.018389,0.12037,0.035714,108,40.348,31.058754,33.47279,19.99148,36.360046
2002,NY,New York,1.99528,0.096735999,23.982508,33.452801,33.983501,45.9617,60.754002,0.114124,-0.057507001,0.093629003,-0.035238001,1036,46.181999,38.420105,23.775633,25.643934,27.42536
2002,NC,North Carolina,-1.44345,0.159004,13.79114,41.043301,76.884399,77.453499,44.026501,0.070561998,-0.13277701,0.014085,-0.154374,568,38.043999,34.59256,34.569847,15.887984,41.157204
2002,ND,North Dakota,-1.32214,0.001252,11.217135,60.3246,14.8229,21.6523,60.750801,-0.149506,-0.227972,-0.137931,-0.209677,58,34.707001,27.858061,38.949379,13.428234,43.336594
2002,OH,Ohio,-0.101395,0.024684001,13.735773,46.560902,10.0993,23.997499,44.3069,0.018098,-0.153991,-0.019440999,-0.152582,823,37.521999,29.586103,34.374496,18.977015,36.113987
2002,OK,Oklahoma,-0.87234199,0.055231001,12.938307,33.795502,31.0165,37.4128,31.320101,-0.098477997,-0.29759699,-0.108597,-0.232143,221,37.915001,30.433023,38.331409,13.143254,43.278683
2002,OR,Oregon,1.03685,0.129207,13.427563,48.449299,66.868301,65.303703,61.615898,0.108007,0.045379002,0.049807999,0,261,40.418999,30.361805,34.106823,20.887972,33.276867
2002,PA,Pennsylvania,0.32124099,0.052096002,14.90772,32.312901,19.155701,29.056,51.8853,0.039471,-0.03283,0.034446999,-0.033473,958,43.925999,34.987141,35.262642,18.542446,35.062157
2002,RI,Rhode Island,1.84865,0.063461997,14.614239,23.6294,70.666702,73.036598,79.578003,0.355003,0.017284,0.32432401,-0.025641,74,46.765999,35.604069,21.652502,25.313288,29.538504
2002,SC,South Carolina,-1.57314,0.047754999,13.358319,22.677999,57.549801,52.5896,49.622601,-0.034789,-0.16374101,-0.18450201,-0.19014101,271,38.869999,34.59314,35.634331,15.948728,41.931526
2002,SD,South Dakota,-0.93491399,0.036371998,13.462062,41.899502,11.5,21.834801,46.334099,-0.089942001,-0.27399501,-0.070175,-0.25862101,57,35.755001,26.558409,40.02721,14.2623,42.629784
2002,TN,Tennessee,-0.94020802,0.050496001,14.520615,29.931999,33.820599,39.787899,38.757301,0.022155,-0.103194,-0.070845,-0.18181799,367,38.030998,33.193161,34.496433,16.22533,41.978294
2002,TX,Texas,-0.80740499,0.187581,15.724386,21.9568,62.955799,60.914101,43.478401,-0.078782998,-0.235753,-0.137427,-0.234023,1026,36.321999,30.65731,36.276852,15.431898,43.600952
2002,UT,Utah,-1.06437,0.093695998,13.122125,46.469601,8.625,17.4932,31.1917,-0.306317,-0.18380301,-0.34187999,-0.25,117,35.075001,23.208101,45.536079,12.79077,44.231552
2002,VT,Vermont,1.5580699,0.051676001,13.296956,56.572601,96.3713,79.949997,95.971703,-0.106743,0.191889,0.016129,0.2,62,45.587002,31.743902,27.69101,22.543781,31.902285
2002,VA,Virginia,-0.799779,0.057123002,13.514861,28.7337,51.163502,55.368801,47.5769,-0.012195,-0.129474,-0.039999999,-0.121864,525,41.664001,34.794151,31.061537,18.323393,36.969921
2002,WA,Washington,0.96320099,0.108082,16.357841,44.513599,72.102699,73.202103,50.602299,0.030982999,-0.102198,0.049587,-0.044443998,363,42.553001,30.247879,32.236168,22.067566,34.023865
2002,WV,West Virginia,0.250397,0.044640001,11.674224,39.648602,52.625,54.7901,63.143101,0.21035001,-0.18863,0.23636401,-0.093167998,165,34.848999,31.70388,35.853397,16.150778,41.196651
2002,WI,Wisconsin,0.88971698,0.024327001,14.168629,37.479801,25.8962,21.0888,49.783199,0.039577998,-0.15282001,0.002294,-0.141304,436,40.693001,32.681309,32.831894,17.962234,38.229202
2002,WY,Wyoming,-1.067,0.019440001,22.046967,28.279699,8.6666698,11.6791,26.4863,-0.238831,0.111649,-0.23076899,0.033333,26,31.705,23.523085,48.585011,11.921312,46.001835
2003,AL,Alabama,-1.88472,0.062289,14.650537,34.350498,30.1964,46.099701,28.708099,0.079489,-0.26306599,-0.018382,-0.27500001,272,39.845001,29.146454,34.088791,13.918555,48.541897
2003,AK,Alaska,0.465184,0.030943001,11.139442,46.518101,19.1667,35.9851,37.056999,0.030044001,0.117291,0,0.054053999,36,37.324001,24.012222,37.551144,15.423064,45.516106
2003,AZ,Arizona,-0.58277601,0.004571,15.983518,37.4179,56.966702,54.481201,46.842899,-0.162367,-0.22086599,-0.20869599,-0.218107,230,46.182999,25.198946,34.764046,18.387369,40.971764
2003,AR,Arkansas,-1.7055399,0.002903,14.282195,22.692801,45.400002,46.889,50.405701,0.174686,-0.34020799,0.186529,-0.30434799,193,40.708,35.36446,25.990265,18.546322,43.649727
2003,CA,California,2.8136001,0.011628,19.077969,48.132,92.514297,89.683701,55.624901,0.116951,-0.028267,0.123348,-0.014503,1362,42.784,32.964737,28.939081,25.745308,33.032738
2003,CO,Colorado,-0.44547099,0.111704,15.477053,51.605499,22.4305,16.705999,47.471298,-0.004646,-0.074408002,-0.043320999,-0.100358,277,40.002998,23.807362,32.867729,20.379642,39.143143
2003,CT,Connecticut,1.75007,0.104732,25.507097,38.354,57.374298,58.246899,64.076897,0.089850999,-0.097139999,0.062176,-0.061538,193,43.734001,27.53899,23.881222,24.076721,32.449268
2003,DE,Delaware,0.75954401,0.111925,15.087066,32.769402,67.3125,65.364799,54.935299,-0.033752002,-0.31847501,0,-0.22,52,71.283997,54.836277,8.5896921,49.225479,14.794335
2003,FL,Florida,-0.637407,0.047488999,20.717796,28.312901,7.3611102,16.74,43.862,0.042151,-0.15123799,-0.033503,-0.141858,985,40.071999,34.69973,34.113594,19.178896,41.244766
2003,GA,Georgia,-1.47637,0.185019,15.359053,25.9569,29.008699,32.7229,39.217899,-0.033316001,-0.24857099,-0.079664998,-0.25672901,477,37.743999,30.928473,32.300522,16.247564,44.578201
2003,HI,Hawaii,1.67257,0.003498,12.662143,42.553902,68.758499,64.900299,77.9161,0.147788,-0.052802999,0.023809999,0.130435,42,41.631001,28.757286,20.870827,24.261221,29.448997
2003,ID,Idaho,-1.07727,0.027388001,13.104611,35.4645,8.5,12.4662,22.4634,-0.24880099,-0.295021,-0.23333301,-0.26373601,90,35.191002,23.813818,41.69743,13.989899,51.158295
2003,IL,Illinois,0.41506401,0.28833899,17.973194,28.3263,86.0233,82.556396,57.445,0.147479,-0.14895099,0.083595999,-0.117829,634,41.882999,32.140316,29.054142,23.799232,35.578087
2003,IN,Indiana,-0.282675,0.078024,13.472054,28.468599,62.567902,55.614101,46.098999,-0.01046,-0.063688003,-0.03125,-0.113082,448,36.577,25.604952,41.069817,16.607466,46.582268
2003,IA,Iowa,0.267573,0.033654001,11.602539,45.274799,57.3829,57.3153,47.854599,-0.070883997,-0.30518299,-0.061673999,-0.28384301,227,40.257,28.703608,27.92103,19.763954,40.818165
2003,KS,Kansas,-0.585702,0.001823,13.72068,37.66,48.75,45.8125,35.787899,-0.109664,-0.195821,-0.109005,-0.17619,211,34.854,26.863604,42.519775,15.423965,47.976555
2003,KY,Kentucky,-0.41962299,0.066532999,13.812165,30.7757,55.835499,57.8624,33.428101,-0.026657,-0.254388,-0.01278,-0.194719,313,35.486,39.14521,34.892693,15.521656,48.056801
2003,LA,Louisiana,-0.86282003,0.101319,13.842834,22.263,36.912498,45.6297,33.7421,0.103216,-0.22213601,0.088,-0.25193799,250,40.259998,36.072872,32.56065,17.407368,43.941807
2003,ME,Maine,1.06692,0.120763,13.146857,55.2985,89.187103,78.707703,66.058998,-0.067730002,-0.159125,-0.068966001,-0.121739,116,42.103001,26.26379,28.854334,22.575525,35.781837
2003,MD,Maryland,1.54149,0.135473,14.542669,38.755299,55.2188,51.330799,61.937801,0.14273199,-0.17266899,0.15047,-0.095679,319,45.202999,37.702671,27.095272,23.601313,34.723995
2003,MA,Massachusetts,1.78329,0.034825999,19.749004,17.873501,69.852203,71.640602,81.308403,0.191052,0.028627001,0.18806,0.071856,335,49.316002,26.560577,18.474031,30.219906,28.53701
2003,MI,Michigan,0.35737899,0.034038998,14.401522,52.847198,72.524002,71.219101,53.194599,0.011956,-0.171849,0.001931,-0.114754,518,44.917,31.814543,27.037264,21.846643,38.108257
2003,MN,Minnesota,1.40347,0.037944999,15.529827,56.591202,25.006201,26.970699,52.848701,0.14964201,-0.115011,0.140762,-0.088154003,341,42.727001,29.126472,33.98196,21.360178,39.110825
2003,MS,Mississippi,-1.93463,0.001581,13.523567,22.0231,85.5,78.554497,38.3186,-0.100879,-0.28145301,-0.111111,-0.30857101,171,41.379002,35.681377,32.378555,16.743166,45.2868
2003,MO,Missouri,-0.20961,0.002765,14.379335,38.256302,51.0868,54.7714,43.926498,-0.107718,-0.202236,-0.061856002,-0.19315401,388,41.598999,31.100502,30.922256,17.577845,42.592724
2003,MT,Montana,0.233436,0.029573999,13.885748,44.897499,16.0275,28.1014,44.641399,0.02757,-0.15796299,0.071428999,-0.115385,70,37.109001,23.054466,41.427204,16.01347,46.558273
2003,NE,Nebraska,-0.112268,0.032933,13.077818,34.0751,15.4875,28.354799,27.186899,-0.16078,-0.14924601,-0.19852901,-0.16546801,136,37.424999,27.671047,41.5424,13.602695,50.7262
2003,NV,Nevada,-0.37133101,0.173097,23.288593,45.3503,24.132299,27.0347,43.753799,0.041753002,-0.144852,-0.045045,-0.15966401,111,42.118999,25.06345,32.844105,21.253996,38.689327
2003,NH,New Hampshire,0.58420098,0.034855001,14.471731,58.013599,9.75,16.0207,41.176102,-0.083893999,-0.164459,-0.096773997,-0.11828,93,41.997002,23.892981,28.487469,20.321186,37.169979
2003,NJ,New Jersey,2.07657,0.006313,18.480532,52.998402,79.441597,76.483101,60.763,0.130844,-0.091300003,0.074340999,-0.064368002,417,48.016998,27.856977,29.265074,23.39909,33.324883
2003,NM,New Mexico,0.55480099,0.134856,12.232103,30.782301,92.099998,82.358101,54.753899,0.105081,-0.211336,0.132075,-0.184211,106,40.032001,24.609932,34.553974,22.231783,37.452763
2003,NY,New York,2.16801,0.14123,25.106815,33.073601,42.684299,44.130001,66.375603,0.177866,-0.019028001,0.135371,-0.011616,916,50.393002,36.722725,24.468958,26.643236,30.381138
2003,NC,North Carolina,-1.46547,0.069600001,14.491372,41.943298,77.042503,71.9804,50.5471,0.024863999,-0.165106,-0.057792999,-0.21466,571,40.091999,34.332047,33.079304,17.364279,44.311485
2003,ND,North Dakota,-1.3352,0.000976,11.176323,61.890301,16.3694,28.83,54.752602,-0.25574201,-0.23887099,-0.211538,-0.25,52,36.091,22.700947,40.670292,14.64451,49.576534
2003,OH,Ohio,-0.082271002,0.068435997,13.626265,46.347801,10.2143,23.7934,49.174999,0.081072003,-0.160899,0.015048,-0.15321501,731,40.257999,28.888117,33.143364,19.114695,41.14703
2003,OK,Oklahoma,-0.94918501,0.047890998,14.051622,33.147301,62.592098,65.332001,32.3419,0.107708,-0.172369,0.075000003,-0.21008401,240,39.431,32.840981,40.10289,13.707027,49.75449
2003,OR,Oregon,1.00295,0.095592,14.164713,50.993301,64.496696,65.769402,58.019501,-0.021994,-0.229884,0.045267001,-0.15261,243,41.539001,26.069832,34.370647,22.914118,37.827499
2003,PA,Pennsylvania,0.244545,0.070446998,15.659569,32.937401,61.777699,58.6385,53.7953,0.012443,-0.14094301,-0.005044,-0.115385,793,43.243,32.313225,37.029839,20.734127,36.784859
2003,RI,Rhode Island,1.76565,0.096275002,15.219253,26.2679,76,73.036598,82.424301,0.159127,-0.037269998,0.107692,0,65,47.581001,26.645636,20.082239,27.906479,29.541245
2003,SC,South Carolina,-1.56594,0.001203,13.921864,22.8412,17.9561,14.9913,46.208302,0.019597,-0.27348599,-0.092436999,-0.26587299,238,39.299999,29.94615,34.885857,16.389301,46.105228
2003,SD,South Dakota,-0.97789401,0.027523,12.81463,41.130901,14,32.498299,49.833698,-0.070730001,-0.17275099,-0.017543999,-0.122807,57,37.356998,26.651484,38.800201,15.972795,47.567131
2003,TN,Tennessee,-0.94795001,0.074421003,15.678548,33.386299,75.005501,68.963303,44.529999,-0.029978,-0.29712299,-0.02551,-0.320099,392,37.431999,32.251431,34.488533,16.656824,45.089535
2003,TX,Texas,-0.875691,0.14391799,16.75964,22.953699,8.9388199,11.1841,44.031502,-0.042466,-0.22111,-0.108718,-0.26190501,975,37.151001,26.833162,37.269779,15.88983,46.520695
2003,UT,Utah,-1.07926,0.002145,14.227446,43.967201,5.25,16.046,29.4331,-0.37584099,-0.36933401,-0.280992,-0.28455299,121,36.007,20.760418,41.433956,12.474468,52.67384
2003,VT,Vermont,1.5693901,0.062217001,12.53275,55.854801,75.896103,67.405098,81.451302,0.033728,-0.056745999,-0.056604002,0.018867999,53,46.457001,29.065401,26.959616,25.097513,32.119781
2003,VA,Virginia,-0.84883702,0.045355,14.044954,28.3512,54.907501,53.068501,47.430099,-0.01493,-0.19283,-0.050955001,-0.170168,471,42.087002,26.667503,30.266294,18.159361,41.405151
2003,WA,Washington,0.88479102,0.0035,16.703722,43.503899,71.963699,69.951797,53.912102,0.053854,-0.0614,0.058201,-0.066489004,378,41.271,24.709154,30.867344,20.351473,36.486786
2003,WV,West Virginia,0.24871799,0.063639998,12.063841,41.011799,91,81.245796,66.109901,0.181914,-0.16273201,0.175676,-0.152778,148,35.582001,36.272007,37.427029,16.792641,45.804821
2003,WI,Wisconsin,0.82670403,0.001879,14.254107,37.099499,55.681,46.673401,53.7565,-0.020157,-0.204054,0,-0.162791,423,40.969002,27.065802,30.513618,22.497576,40.271122
2003,WY,Wyoming,-0.97566903,0.000975,22.638771,27.0854,37.330101,52.291599,24.553301,0.14530499,-0.16555201,0.1,-0.131579,40,33.445999,23.151796,45.411934,12.521549,52.45163
2004,AL,Alabama,-1.78216,0.062289,16.122709,32.702702,41.017899,46.099701,39.143398,0.015727,-0.298195,-0.039526001,-0.30350199,253,40.405998,31.647663,41.634792,11.851169,45.630219
2004,AK,Alaska,0.44511101,0.030943001,11.818988,47.103298,23.5,35.9851,43.061199,-0.17810699,-0.19266701,-0.125,-0.142857,48,36.076,27.943926,40.703354,19.048944,35.982906
2004,AZ,Arizona,-0.68711799,0.004571,19.415089,35.5364,58.525002,54.481201,47.750801,-0.071347997,-0.027187999,-0.111498,-0.092150003,287,44.859001,31.707621,34.179703,20.851242,33.092976
2004,AR,Arkansas,-1.74411,0.002903,15.598044,21.4072,47.599998,46.889,52.628101,0.214939,-0.220039,0.16,-0.23076899,200,38.662998,37.299374,29.488459,14.723715,39.539494
2004,CA,California,2.67149,0.011628,21.68177,47.147499,52.4893,51.7528,59.100399,0.12399,0.002848,0.090129003,0.002776,1398,44.528999,39.139797,30.498297,24.331646,28.633892
2004,CO,Colorado,-0.512842,0.111704,18.117493,49.6647,24.5954,16.705999,54.655499,-0.05263,-0.147163,-0.089020997,-0.118841,337,39.25,32.462292,37.389484,25.971363,30.646427
2004,CT,Connecticut,1.87896,0.104732,28.558605,39.048302,71.325699,58.246899,75.970001,0.099117003,0.001416,0.114286,0.040984001,245,42.709,34.491394,29.290012,22.214077,30.549282
2004,DE,Delaware,0.65936899,0.111925,18.377243,31.937401,78.4375,65.364799,66.863098,0.038182002,-0.257595,0.107143,-0.153846,56,65.960999,69.334549,6.5188117,41.270874,15.946798
2004,FL,Florida,-0.62817699,0.047488999,26.554367,24.7983,8.1944399,16.74,41.481499,0.024409,-0.109971,-0.011861,-0.127854,1096,40.865002,36.05872,34.647236,16.368776,36.194901
2004,GA,Georgia,-1.52086,0.185019,17.038855,27.195,25.920799,32.7229,35.240601,0.073333003,-0.29593301,-0.046371002,-0.284024,496,38.907001,34.109226,35.648453,14.637388,41.424797
2004,HI,Hawaii,1.62125,0.003498,14.221197,43.644798,67.964798,64.900299,76.857697,0.032947,-0.055521999,0.130435,0.022221999,46,43.470001,40.367397,20.824308,24.353224,27.067862
2004,ID,Idaho,-0.91622603,0.027388001,15.167095,37.910999,5.875,12.4662,18.9779,-0.313465,-0.26753899,-0.22449,-0.30208299,98,34.036999,24.867544,48.550514,18.00371,39.284534
2004,IL,Illinois,0.43613899,0.28833899,20.089298,28.177799,84.185898,82.556396,60.501701,0.167914,-0.018100001,0.098674998,-0.046875,679,41.034,39.544445,29.420597,21.389399,30.473223
2004,IN,Indiana,-0.38046101,0.078024,14.315639,28.989901,63.377899,55.614101,45.9883,-0.148656,-0.22457901,-0.10643,-0.183585,451,35.946999,29.42305,35.757069,16.012533,36.153492
2004,IA,Iowa,0.20469999,0.033654001,12.307024,45.0261,61.825001,58.232498,51.171799,-0.034164,-0.118384,-0.038167998,-0.132576,262,39.153,33.400726,30.685392,18.839762,33.285694
2004,KS,Kansas,-0.61377901,0.001823,14.511147,37.4856,50.099998,45.8125,36.5905,-0.198368,-0.27008501,-0.165049,-0.26087001,206,33.705002,29.21063,46.655884,16.506313,38.993454
2004,KY,Kentucky,-0.49107301,0.066532999,14.762411,31.2868,28.0504,35.0737,34.635201,0.222325,-0.17451701,0.154882,-0.156794,297,35.501999,38.115749,34.488518,14.015474,42.626965
2004,LA,Louisiana,-0.850896,0.101319,14.094543,22.093901,74.75,71.963402,41.193001,0.090617999,-0.28968999,0.033835001,-0.30798501,266,40.006001,38.572704,37.841354,14.378363,40.521057
2004,ME,Maine,1.25441,0.120763,14.338258,57.788799,86.819099,78.707703,66.948997,0.075488999,0.082310997,0.037037,0.102941,135,41.639999,31.177715,36.193188,20.85294,33.255569
2004,MD,Maryland,1.5120699,0.135473,16.302723,39.118,59.5,51.330799,66.8246,0.28600699,-0.049440999,0.165775,-0.058823999,374,46.404999,48.888271,26.044748,21.76569,33.10355
2004,MA,Massachusetts,1.9094501,0.034825999,21.955807,21.4153,75.693901,71.640602,84.621498,0.126169,-0.003627,0.135747,0.027148999,442,47.07,37.911896,18.872013,27.788357,27.633827
2004,MI,Michigan,0.40676001,0.034038998,15.45162,53.8652,75.953201,71.517097,57.629799,0.052219,-0.19591101,0.030568,-0.163982,687,43.166,30.131369,33.984627,19.159546,35.389942
2004,MN,Minnesota,1.3387001,0.037944999,16.679716,58.143398,26.0653,26.970699,53.0448,-0.005504,-0.158788,0.03125,-0.117381,416,41.588001,35.690395,30.43503,19.937479,35.597309
2004,MS,Mississippi,-2.07041,0.001581,12.995371,24.3146,40.619202,50.253601,35.719501,0.008604,-0.32451299,-0.117978,-0.346154,178,42.771999,39.218464,36.994484,14.048009,41.99461
2004,MO,Missouri,-0.184141,0.002765,15.476624,41.695099,53.820202,54.7714,46.946701,0.050531,-0.16736899,0.015659999,-0.20620801,447,39.875999,34.711487,32.460892,16.66506,35.177612
2004,MT,Montana,0.14109901,0.029573999,15.017389,44.865501,14.89,28.1014,44.426201,-0.186387,-0.247132,-0.153846,-0.27160501,78,35.085999,28.420425,38.347786,19.50104,36.231724
2004,NE,Nebraska,-0.1639,0.032933,14.789362,33.068501,19.225,28.354799,33.384102,-0.26870799,-0.148634,-0.270677,-0.18320601,133,35.814999,25.73345,48.831619,13.260092,42.243702
2004,NV,Nevada,-0.445043,0.173097,30.959229,47.083099,31.469601,27.0347,52.1376,0.068488002,-0.122042,0.008475,-0.20161299,118,42.320999,33.088409,35.877129,21.567013,33.044083
2004,NH,New Hampshire,0.53381199,0.034855001,16.547459,59.648399,18.75,16.0207,47.158798,0.015624,0.051210999,0.016806999,0.067226999,119,42.287998,30.136906,32.634163,21.326889,34.313126
2004,NJ,New Jersey,2.15816,0.006313,19.684835,53.821999,90.911499,84.396103,67.490997,0.026350001,0.039073002,0.006342,-0.024948001,473,49.233002,34.160267,31.529137,21.823624,30.955896
2004,NM,New Mexico,0.72085702,0.134856,13.724871,28.364799,89.390503,82.358101,56.9258,0.033966001,-0.135934,-0.060150001,-0.13178299,133,40.287998,34.34647,33.250641,22.338383,33.007919
2004,NY,New York,2.168,0.14123,28.563948,32.554001,49.669899,44.130001,72.5811,0.16358,-0.005154,0.148837,0.016438,1075,48.164001,40.10891,30.39579,23.505871,30.071344
2004,NC,North Carolina,-1.45831,0.069600001,15.565178,39.936298,70.062302,74.172699,45.627701,-0.016523,-0.25785199,-0.049341999,-0.245,608,41.064999,39.331966,34.515034,16.044178,38.717182
2004,ND,North Dakota,-1.34325,0.000976,12.900095,59.3563,18.2486,28.83,63.327499,0.00402,-0.200616,-0.021276999,-0.255319,47,34.242001,24.969963,44.98967,14.180556,40.967777
2004,OH,Ohio,-0.15483201,0.068435997,15.294704,46.307899,16.0714,23.7934,52.155499,0.043922,-0.123742,0.024282999,-0.124449,906,39.313,31.728762,36.663151,17.0917,39.179966
2004,OK,Oklahoma,-0.940947,0.047890998,16.336834,33.678101,54.5979,65.829597,28.2714,0.14871299,-0.23361,0.155462,-0.22784799,238,39.131001,38.94492,37.087769,12.042494,46.031006
2004,OR,Oregon,0.97426099,0.095592,15.67678,49.8064,68.684196,65.769402,62.879601,-0.031277999,-0.15441699,-0.019157,-0.101124,261,42.119999,37.190903,31.12623,27.199528,28.71558
2004,PA,Pennsylvania,0.26312101,0.070446998,16.58559,32.859798,60.089298,58.1264,54.228802,0.031399,-0.14691,-0.031946,-0.15332,1033,43.219002,36.168331,36.931263,19.338331,35.359768
2004,RI,Rhode Island,1.78865,0.096275002,16.938131,30.700701,72.833298,73.036598,79.750504,0.199267,-0.119922,0.235294,-0.057142999,68,45.337002,38.873543,23.570477,25.139307,29.30971
2004,SC,South Carolina,-1.61094,0.001203,15.706056,22.178301,11.3953,13.7519,40.7733,0.017596001,-0.267557,-0.089493997,-0.326848,257,39.707001,34.734493,38.850071,15.05823,41.291088
2004,SD,South Dakota,-1.0128,0.027523,15.017556,39.943802,16.379299,32.498299,49.196301,-0.022921,-0.185158,-0.055555999,-0.25490201,54,35.923,27.584894,42.547951,15.040764,40.551403
2004,TN,Tennessee,-0.98407102,0.074421003,17.638702,34.8419,67.112701,68.963303,40.497898,-0.049355999,-0.31656399,-0.067385003,-0.309333,371,36.648998,33.891495,35.596985,15.013463,43.012287
2004,TX,Texas,-0.86856103,0.14391799,18.681929,23.3806,8.6673603,11.1841,43.3535,-0.047662001,-0.23191699,-0.112442,-0.26672801,1085,37.438,27.643505,40.472595,13.1415,42.359016
2004,UT,Utah,-1.08101,0.002145,15.781407,42.8409,10.5,16.046,30.3946,-0.208249,-0.25607201,-0.253086,-0.28654999,162,34.908001,23.21697,49.939274,18.307426,40.097965
2004,VT,Vermont,1.58696,0.062217001,14.201376,54.100101,77.811699,67.405098,83.114197,-0.028952001,0.087200001,-0.016949,0.016393,59,47.021999,34.273758,25.422348,25.335426,30.625952
2004,VA,Virginia,-0.74046201,0.045355,15.652298,27.9687,51.591702,51.494598,47.165001,0.001244,-0.069996998,-0.035856999,-0.114341,502,42.832001,32.953293,36.404121,17.422173,35.920624
2004,WA,Washington,0.79456401,0.0035,17.975056,45.0326,73.536301,69.951797,57.470501,0.024317,-0.061827999,-0.012438,-0.100719,402,43.192001,32.526821,29.605234,23.428951,31.513954
2004,WV,West Virginia,0.18333,0.063639998,12.72423,46.330799,83.25,81.245796,66.261703,0.083424002,-0.238848,0.094117999,-0.238372,170,34.707001,32.190022,37.187428,13.294307,44.019638
2004,WI,Wisconsin,0.75642997,0.001879,15.200153,36.854599,63.476799,49.338402,59.736599,-0.057440002,-0.157462,-0.068375997,-0.175869,468,39.583,30.814129,31.159906,18.206984,35.185898
2004,WY,Wyoming,-1.0432,0.000975,24.732403,25.634001,39.6689,52.291599,27.3575,0.005565,-0.109454,-0.058823999,-0.085713997,34,29.924999,22.349916,51.922443,16.437489,40.863834
2005,AL,Alabama,-1.77276,0.043887001,18.476595,31.054899,42.625,46.099701,40.3181,-0.057704002,-0.30915999,-0.065217003,-0.31443301,184,36.551998,36.956543,31.563461,13.503571,50.331108
2005,AK,Alaska,0.38403401,0.038943,12.468871,47.715698,13.1667,35.9851,40.293598,-0.35787201,-0.358078,-0.17647099,-0.235294,34,42.261002,27.892715,36.258514,15.845481,40.864422
2005,AZ,Arizona,-0.72435099,0.18476599,22.661341,33.654999,52.875,51.673599,46.694401,-0.118953,-0.115365,-0.101695,-0.103825,177,50.731998,30.844662,32.232731,18.983122,36.07692
2005,AR,Arkansas,-1.81364,0.093463004,16.675268,20.139799,43.75,46.889,49.191601,0.141789,-0.16233701,0.15748,-0.19379801,127,34.792999,32.078739,27.486015,15.356043,46.7267
2005,CA,California,2.5945301,0,24.202108,46.163101,49.592899,50.9179,57.757702,0.096135996,-0.042911999,0.085323997,-0.017641,879,45.132999,38.724651,28.102314,26.956951,30.533648
2005,CO,Colorado,-0.42042899,0.21939801,19.560894,47.6754,37.3116,29.298201,50.410801,-0.006222,-0.031200999,-0.080188997,-0.079070002,212,47.289001,29.92614,33.880001,21.570333,36.899815
2005,CT,Connecticut,1.86562,0.141753,31.015228,39.7425,69.583298,59.068199,74.960297,0.053096998,-0.16037899,0.066115998,-0.078125,121,39.714001,33.872623,26.520128,21.572092,35.581985
2005,DE,Delaware,0.654594,0.32623199,21.384783,31.084101,72.5625,65.364799,60.438,0.22855499,-0.182613,0.131579,-0.153846,38,55.48,63.258202,8.2112646,53.054199,14.705735
2005,FL,Florida,-0.803626,0.13141,31.775656,21.3298,10.3421,16.8318,46.917999,0.021872999,-0.144456,-0.040816002,-0.14437699,637,35.236,34.837097,36.68996,17.765455,40.821568
2005,GA,Georgia,-1.5429,0.111851,19.114168,28.433201,14.1844,12.7396,44.0853,-0.047745001,-0.249249,-0.055362999,-0.273038,289,34.103001,33.892452,34.063126,16.365786,45.356258
2005,HI,Hawaii,1.6399,0.179121,16.469458,44.7215,68.180199,64.900299,77.137802,0.26974499,0.01057,0.25,-0.074074,24,53.951,40.166809,19.445499,29.249611,25.541473
2005,ID,Idaho,-0.97397,0.001246,18.078651,40.357399,20,12.4662,33.3172,-0.48190999,-0.27465299,-0.30303001,-0.17105301,66,40.422001,23.188467,36.962746,12.889375,45.874039
2005,IL,Illinois,0.34305999,0.20288099,21.672878,28.0383,85.066101,79.968803,61.702599,0.18010101,0.053783,0.159817,-0.006623,438,37.146,34.550781,28.551476,23.243986,34.525738
2005,IN,Indiana,-0.39371601,0.099458002,15.524811,29.511299,18.334999,16.3575,49.661301,-0.114168,-0.146309,-0.184397,-0.180556,282,33.433998,28.926603,37.526619,15.052965,46.248367
2005,IA,Iowa,0.14150199,0.076531,12.919396,44.777302,68.912804,65.651299,50.258701,-0.046877999,-0.28217301,0.019867999,-0.214765,151,35.272999,28.564413,29.043509,18.391026,39.772762
2005,KS,Kansas,-0.66288698,0.108531,16.087646,37.311199,45,45.8125,34.57,-0.22791199,-0.28766701,-0.164286,-0.208333,140,31.275,26.397736,42.708248,13.657377,46.415993
2005,KY,Kentucky,-0.52965099,0.099099003,15.755939,31.797899,27.0201,33.378399,41.634399,0.064971,-0.096345,0.025532,-0.15151501,235,30.785,35.567265,30.706223,14.024021,48.459072
2005,LA,Louisiana,-0.86727399,0.100119,17.65093,21.924801,88.666702,78.0298,44.262901,0.156703,-0.253335,0.15483899,-0.22973,155,35.407001,34.371685,41.899986,15.575843,46.854763
2005,ME,Maine,1.55515,0.22237,15.65581,60.279099,88.5951,78.525597,77.897102,0.092216,-0.099978998,0.032967001,-0.114943,91,39.294998,32.214825,33.940964,19.456293,39.58157
2005,MD,Maryland,1.52264,0.004006,17.340912,39.480701,55.5313,51.330799,65.0616,0.25242499,-0.060534,0.21238901,-0.004329,226,41.438999,40.036598,31.445007,24.497671,34.120407
2005,MA,Massachusetts,2.02542,0.045455001,23.791836,24.9571,69.538803,71.103302,80.043701,0.103844,-0.083879001,0.134454,-0.012605,238,43.242001,34.440285,19.890596,25.313553,32.043259
2005,MI,Michigan,0.45201001,0.044071,16.121336,54.883301,62.2747,61.195702,56.229599,0.048749998,-0.180094,0.096938998,-0.172152,392,38.368999,33.543884,28.826605,20.36883,38.826
2005,MN,Minnesota,1.35993,0.051236,18.2367,59.695599,38.771702,33.911999,58.071499,0.13638601,-0.14865901,0.170635,-0.087912001,252,37.645,33.858723,26.761751,19.70303,38.391121
2005,MS,Mississippi,-2.09569,0.097708002,15.810469,26.6439,40.377899,48.172699,38.941601,0.066866003,-0.381789,0.060345002,-0.376068,116,37.827999,37.427174,34.795231,15.241296,47.182613
2005,MO,Missouri,-0.23154999,0.108812,17.106913,45.1339,11.3118,18.7994,47.595001,0.068250999,-0.175823,0.013889,-0.175258,288,36.209,35.471912,28.421873,17.343964,41.306316
2005,MT,Montana,0.362463,0.123494,16.351412,44.8368,73.145401,65.119102,55.129902,-0.23105501,-0.164075,-0.191489,-0.170213,47,42.675999,29.263466,31.917755,16.517237,41.398243
2005,NE,Nebraska,-0.205016,0.043979,15.243937,32.042999,16.875,25.27,31.567801,-0.20051,-0.29489699,-0.114583,-0.26804101,96,34.997002,25.877979,44.640961,12.231844,49.292683
2005,NV,Nevada,-0.49557,0.07265,33.295448,48.815899,37.127399,32.4375,54.930199,-0.123241,-0.142929,-0.041666999,-0.069444001,72,49.004002,34.975857,30.678602,21.72369,34.769508
2005,NH,New Hampshire,0.545784,0.094664,18.004995,61.283199,48.381901,44.812901,43.041401,-0.042259,-0.19584,-0.079365,-0.19354799,63,38.325001,27.873104,27.313976,18.208647,39.29184
2005,NJ,New Jersey,2.2322199,0.40621901,20.773277,53.521,88.515602,84.108398,62.9589,0.15649199,-0.072282001,0.099656001,-0.067961,291,45.587002,32.758389,32.121468,20.774887,35.763382
2005,NM,New Mexico,0.77489102,0.004968,15.628229,25.947399,91.990501,82.358101,61.91,0.134629,-0.144243,0.151899,-0.113924,79,46.879002,33.778702,32.88446,22.814461,33.661922
2005,NY,New York,2.2078099,0.072040997,30.249168,32.035599,41.109501,45.727501,68.051003,0.25923601,0.028346,0.208517,0.051948,681,44.481998,39.741028,28.334501,23.985559,34.224915
2005,NC,North Carolina,-1.47718,0.195678,17.042601,37.929401,84.375801,75.487198,52.757401,0.041308001,-0.238609,0.034913,-0.22167499,401,34.962002,36.946026,34.794933,16.890018,42.407806
2005,ND,North Dakota,-1.35739,0.100956,13.23055,56.763699,21.825199,28.83,65.045898,-0.21664999,0.034696002,-0.25806499,0,31,32.755001,26.686382,34.406269,13.285748,47.076317
2005,OH,Ohio,-0.12874199,0.099218003,15.858205,46.287701,16.571199,23.1731,54.7309,0.061071001,-0.075002,0.070143998,-0.111111,556,33.686001,33.414177,33.192711,18.567965,41.449738
2005,OK,Oklahoma,-0.93936098,0.062406,17.739819,34.2076,44.365398,51.385399,28.9065,0.073587999,-0.379498,0.021857999,-0.32967001,183,35.965,30.488789,41.840496,11.951442,51.565434
2005,OR,Oregon,0.87542498,0.067362003,16.907751,48.686199,79.349998,74.618103,62.442101,0.053810999,-0.063536003,0.060240999,-0.042424001,166,44.117001,32.246719,27.676081,23.156221,34.021358
2005,PA,Pennsylvania,0.324426,0.001718,18.714851,32.782101,60.111301,57.048801,57.534199,0.053117,-0.083365999,0.03864,-0.085937999,647,40.583,34.151402,42.315807,18.209774,42.696415
2005,RI,Rhode Island,1.89362,0.32698101,17.355354,35.8522,77.833298,73.036598,83.292702,0.153973,0.108683,0.190476,0.088889003,42,41.868999,35.196651,23.878712,24.085047,33.586853
2005,SC,South Carolina,-1.64292,0.047564,17.740566,21.515499,14.1588,11.2404,46.1852,0.014801,-0.238764,0.031645998,-0.23636401,158,35.738998,31.341295,41.947681,15.656325,47.241489
2005,SD,South Dakota,-1.0404,0.13966499,16.938173,38.756699,15.5,21.834801,54.881901,-0.249889,-0.29899999,-0.222222,-0.27451,54,33.466999,26.220915,48.803337,14.200482,46.173252
2005,TN,Tennessee,-0.98938298,0.17492899,18.760649,36.319,60.563099,61.688099,42.750198,0.004305,-0.38084799,-0.024095999,-0.34883699,249,31.511,32.748688,40.31036,15.207215,47.90691
2005,TX,Texas,-0.93249899,0.15207399,21.896835,23.8076,10.8615,10.3611,47.058102,-0.048459999,-0.29659501,-0.100457,-0.29881701,657,33.16,26.784597,45.3923,14.763638,48.431324
2005,UT,Utah,-1.11209,0.046991002,18.486353,41.702099,10.125,16.046,31.591801,-0.388751,-0.303844,-0.31914899,-0.32381001,94,39.699001,20.359135,47.477512,12.344077,47.697594
2005,VT,Vermont,1.6725301,0.047456,16.308855,52.345299,89.424301,72.255898,89.822998,0.189496,0.027821001,0.222222,0.040816002,45,44.887001,32.367012,31.306618,23.78314,34.462048
2005,VA,Virginia,-0.776223,0.002768,17.124132,27.1499,53.008301,51.7332,49.635799,0.009091,-0.095987998,0.034483001,-0.079772003,348,37.341999,29.989967,35.728188,18.397707,43.378826
2005,WA,Washington,0.82934701,0.15746,19.68508,46.505299,82.482903,77.7537,59.594898,0.14416599,-0.001849,0.151292,-0.028674001,271,42.341,34.302696,27.860901,24.304598,32.772633
2005,WV,West Virginia,0.028569,0.001715,14.973037,51.7397,89.75,81.245796,67.3162,0.22449601,-0.24984699,0.25242701,-0.28712901,103,30.021,34.749275,29.128391,14.618899,48.532349
2005,WI,Wisconsin,0.75855398,0.14477199,16.479261,36.609699,54.1105,47.599201,53.707199,0.041474,-0.191057,0.046595,-0.14788701,279,36.083,32.509602,29.781521,19.01318,39.841827
2005,WY,Wyoming,-1.0388401,0.068135001,28.523071,24.208099,45.925098,51.7351,35.4669,-0.104674,-0.49725699,-0.26666701,-0.4375,15,36.564999,23.449015,45.605644,11.971579,48.810837
2006,AL,Alabama,-1.86882,0.043887001,20.422447,30.924801,43.75,46.099701,40.314201,-0.091491997,-0.240375,-0.05914,-0.25,186,37.73,36.661957,37.897266,17.066763,47.032032
2006,AK,Alaska,0.31615499,0.038943,13.396347,47.837002,16.1667,35.9851,45.082001,-0.050590999,-0.29031199,0.025,-0.166667,40,41.319,29.294704,35.245174,19.274979,42.939571
2006,AZ,Arizona,-0.76231301,0.18476599,23.075476,36.398201,54.2188,51.673599,50.149502,-0.091888003,-0.141744,-0.065454997,-0.177122,275,47.451,28.1388,34.397579,19.878759,40.158924
2006,AR,Arkansas,-1.63886,0.093463004,16.44953,18.0404,44.400002,46.889,49.1493,0.026528001,-0.32466999,0.062991999,-0.3125,127,36.459999,38.239071,30.087036,17.021034,45.750782
2006,CA,California,2.42296,0,24.025183,46.7985,51.703602,50.9179,59.906601,0.181523,-0.01123,0.125,-0.023678999,1088,44.499001,35.792717,26.856693,26.97434,32.663177
2006,CO,Colorado,-0.36024499,0.21939801,21.301453,47.8964,35.329399,29.298201,49.9627,-0.138109,-0.18585999,-0.024,-0.1417,250,45.345001,30.270069,33.261551,21.939497,37.286064
2006,CT,Connecticut,1.82309,0.141753,31.746422,38.7868,73.875,59.068199,78.810303,0.19856299,-0.052079,0.158416,-0.004854,202,40.664001,32.070614,24.008867,25.491344,34.320675
2006,DE,Delaware,0.72240102,0.32623199,19.136265,30.9839,78.875,65.364799,68.455803,0.321457,0.015992001,0.31999999,0,50,53.235001,55.600674,8.6215878,36.080772,18.66647
2006,FL,Florida,-0.74675602,0.13141,31.248871,21.1199,14.2105,16.8318,49.367001,-0.067519002,-0.168549,-0.022487,-0.15691499,756,36.004002,35.697765,33.814857,19.121342,42.054974
2006,GA,Georgia,-1.64896,0.111851,20.322842,25.949301,10.0677,12.7396,37.7393,0.078299001,-0.233961,0.022039,-0.25984299,363,35.785999,32.25613,32.155331,16.0945,42.815971
2006,HI,Hawaii,1.68139,0.179121,15.995136,43.3755,61.182201,64.900299,70.839996,-0.23783299,-0.21981101,0,-0.083333001,34,52.893002,38.748272,17.346464,26.332453,29.764233
2006,ID,Idaho,-0.98647302,0.001246,20.46384,37.415199,12.75,12.4662,23.1654,-0.26991999,-0.243388,-0.321839,-0.27659601,87,39.883999,24.660873,38.618275,17.440844,46.65984
2006,IL,Illinois,0.57703102,0.20288099,22.947483,28.2897,78.525703,79.968803,59.0658,0.179666,-0.049474999,0.09375,-0.094231002,512,38.948002,37.689671,25.756752,21.990543,34.837589
2006,IN,Indiana,-0.55595702,0.099458002,16.32148,32.244499,20.259199,16.3575,52.706402,-0.027465999,-0.185453,-0.051213,-0.178478,371,35.415001,29.670193,32.69495,17.533289,42.239883
2006,IA,Iowa,0.133986,0.076531,14.40657,44.0798,69.876503,65.651299,52.476101,-0.004641,-0.052653,0.014851,-0.068966001,202,38.441002,33.043087,27.559229,19.649,39.507122
2006,KS,Kansas,-0.72083002,0.108531,17.443998,38.794899,50.400002,45.8125,40.576,-0.245171,-0.200293,-0.25641,-0.164474,156,33.264,27.85671,36.91872,17.240978,45.115364
2006,KY,Kentucky,-0.65869802,0.099099003,16.584301,31.236799,26.635,33.378399,39.4426,0.034428999,-0.21431801,0.054152001,-0.22614799,277,33.550999,39.114666,33.856926,18.20907,46.856461
2006,LA,Louisiana,-0.95813102,0.100119,21.99382,21.755699,65.666702,78.0298,32.820499,0.016109001,-0.275199,0.066666998,-0.20398,195,37.265999,38.592133,31.110411,19.670868,44.869957
2006,ME,Maine,1.59365,0.22237,16.190578,61.691601,88.859398,78.525597,70.321098,-0.076435998,0.136884,-0.026786,0.097345002,112,40.629002,29.162231,27.19496,23.10634,36.10968
2006,MD,Maryland,1.53592,0.004006,17.696968,39.201801,62.125,51.330799,70.338501,0.288445,-0.046808001,0.25723499,0.003185,311,43.209999,46.083881,24.163254,23.814466,35.467213
2006,MA,Massachusetts,1.8809201,0.045455001,24.715288,24.2936,74.959602,71.103302,83.602097,0.150911,-0.019278999,0.192073,0.060975999,328,43.173,33.209953,20.401726,27.922346,32.157543
2006,MI,Michigan,0.399266,0.044071,16.601849,55.010899,63.379101,60.479401,59.705101,0.123703,-0.108704,0.10998,-0.134809,491,40.675999,30.838243,30.733023,19.397297,37.318371
2006,MN,Minnesota,1.311,0.051236,18.508482,59.998501,39.080101,33.911999,57.378899,0.111023,-0.115547,0.108696,-0.109091,322,39.271999,34.061687,26.683504,19.674013,38.575848
2006,MS,Mississippi,-2.2453301,0.097708002,18.02363,29.012199,37.6269,48.172699,37.468102,-0.033557002,-0.052621,-0.115942,-0.131034,138,38.825001,37.525314,32.901009,18.27528,44.220165
2006,MO,Missouri,-0.30670401,0.108812,17.811377,45.725899,11.9286,18.4834,48.950401,-0.00049,-0.248051,-0.012121,-0.241983,330,37.740002,32.86372,26.295174,20.236141,40.66658
2006,MT,Montana,0.434513,0.123494,17.839134,45.9258,59.955002,66.719803,43.590099,0.029412,-0.234595,-0.015873,-0.274194,63,41.782001,29.433363,34.854012,19.204473,41.982346
2006,NE,Nebraska,-0.30590501,0.043979,17.550585,38.007999,13.775,25.27,23.5173,-0.17824601,-0.305682,-0.138889,-0.252336,108,37.356998,26.851883,38.74604,15.712029,46.540863
2006,NV,Nevada,-0.43340701,0.07265,32.299347,46.5704,38.0256,32.4375,55.382198,0.006192,-0.024998,0.009434,-0.118182,106,47.015999,30.960194,29.417128,21.970444,36.403812
2006,NH,New Hampshire,0.73107803,0.094664,19.329718,61.557499,58.784302,44.812901,55.294498,0.092038997,-0.068940997,0.024691001,-0.108434,81,39.216999,29.274757,28.50433,22.178211,37.7929
2006,NJ,New Jersey,2.3736701,0.40621901,21.224472,53.220001,81.865303,84.941399,61.084499,0.132278,-0.037381001,0.122914,-0.002257,1318,46.171001,31.577166,25.87401,23.502352,34.97636
2006,NM,New Mexico,0.63133597,0.004968,16.859997,25.1786,94.7714,82.358101,62.7276,0.343034,-0.094310001,0.244444,-0.045455001,90,44.495998,33.036888,31.075415,22.053001,35.862064
2006,NY,New York,2.1721001,0.072040997,32.161896,32.3493,49.634701,44.7225,74.718597,0.20297299,0.029253,0.16073599,0.008485,815,43.882,38.782749,26.213692,26.920546,32.286369
2006,NC,North Carolina,-1.46744,0.195678,18.229946,35.088299,82.342499,75.487198,54.123901,0.029111,-0.202916,0.048923999,-0.215534,511,36.304001,36.223923,32.096306,19.544899,42.536671
2006,ND,North Dakota,-1.36807,0.100956,15.721192,57.161499,25.6311,28.83,66.412201,0.121383,-0.21074501,-0.205882,-0.3125,34,35.868,31.426863,35.330357,16.06163,45.447803
2006,OH,Ohio,-0.111488,0.099218003,16.641722,46.889198,21.0357,22.8978,54.903099,0.076136,-0.162523,0.057078999,-0.14913701,1787,34.924999,32.813923,30.99935,20.005022,39.48175
2006,OK,Oklahoma,-0.98573399,0.062406,20.177149,34.9664,32.501202,51.385399,22.557301,0.047991998,-0.29145601,0.041885,-0.28723401,191,37.744999,41.423153,37.997482,15.5119,49.89938
2006,OR,Oregon,0.87984502,0.067362003,18.13135,47.9366,78.82,74.618103,61.463699,0.130523,-0.109905,0.040541001,-0.125561,222,45.360001,36.059429,30.45072,23.196869,35.929405
2006,PA,Pennsylvania,0.40188801,0.001718,19.436939,34.512199,61.593899,57.048801,60.501701,0.065002002,-0.115343,0.035714,-0.12643699,784,41.879002,39.07362,35.41814,22.443228,37.369419
2006,RI,Rhode Island,1.82039,0.32698101,18.470415,35.2962,85.833298,73.036598,88.1922,0.232594,-0.057463001,0.22449,-0.117647,49,42.321999,34.511105,22.978485,26.05171,32.620663
2006,SC,South Carolina,-1.71591,0.047564,18.92658,21.3748,9.4912996,11.0004,44.2202,0.012772,-0.38263199,-0.026906,-0.371041,223,37.166,35.066597,36.587906,18.193157,44.032463
2006,SD,South Dakota,-1.07815,0.13966499,19.402897,44.380299,10,21.834801,49.6082,0.072185002,-0.23648401,0,-0.1875,50,36.042999,32.726284,37.782528,17.632591,44.448505
2006,TN,Tennessee,-1.03172,0.17492899,20.757378,34.373402,50.8372,60.717899,37.726799,-0.077707,-0.32741699,-0.042169001,-0.30153799,332,32.84,33.053764,34.324734,17.065586,45.309353
2006,TX,Texas,-0.99026501,0.15207399,23.180058,24.3507,11.2117,10.0728,46.5658,-0.017295999,-0.21663199,-0.055844001,-0.242079,770,35.507999,27.756617,33.82275,17.358255,45.241116
2006,UT,Utah,-1.09313,0.046991002,19.653488,43.931499,13,16.046,27.5758,-0.40743601,-0.300201,-0.440945,-0.42857099,127,39.598999,26.779335,43.808666,17.890722,47.165714
2006,VT,Vermont,1.7465,0.047456,18.29668,49.982201,92.583603,72.255898,93.2481,0.216609,0.002701,0.196078,0,51,46.465,29.778528,21.988092,27.098242,32.243847
2006,VA,Virginia,-0.75533301,0.002768,17.632341,26.3312,57.0802,53.9529,52.1716,0.070188999,-0.13617399,0.023809999,-0.136659,462,38.370998,31.833853,31.802885,17.786921,40.918842
2006,WA,Washington,1.24326,0.15746,20.842707,47.457298,80.279602,77.7537,57.620899,0.018425001,-0.085744001,0.025974,-0.093548,308,43.266998,30.631361,27.044943,24.513208,34.964935
2006,WV,West Virginia,0.103456,0.001715,14.296511,52.147598,78.875,81.245796,59.5881,0.048167001,-0.165492,0.102362,-0.22834601,127,32.085999,39.259644,31.921862,16.351307,46.277405
2006,WI,Wisconsin,0.68642497,0.14477199,17.685827,38.5243,55.919899,47.599201,56.2206,0.001058,-0.036517002,-0.01278,-0.073619999,313,39.138,28.21143,27.323149,20.789629,38.658821
2006,WY,Wyoming,-1.0358,0.068135001,32.964005,24.754801,38.378502,51.7351,28.5658,-0.50490397,-0.302558,-0.413793,-0.37931001,29,36.964001,29.023783,44.68325,17.284372,48.280354
2007,AL,Alabama,-1.8863699,0.052395999,19.980532,30.7948,51.02,45.2192,47.255798,0.078498997,-0.23577701,0.008734,-0.35470101,229,37.654999,33.764,32.322132,13.618237,49.303699
2007,AK,Alaska,0.192819,0.109617,13.900859,47.954399,35.666698,35.9851,59.8064,0.085527003,-0.025617,0.052632,0.018518999,57,44.354,27.990286,32.059193,19.762897,44.642982
2007,AZ,Arizona,-0.50049198,0.22118001,21.635246,39.141399,56.861099,49.705898,48.691898,-0.065053999,-0.112687,-0.059489999,-0.102857,353,51.103001,29.519444,29.998173,21.378304,42.368282
2007,AR,Arkansas,-1.60263,0.071675003,17.3899,14.9291,88.099998,74.583603,56.3867,0.057652,-0.25910601,0.022988999,-0.27544901,174,35.73,31.273506,30.923693,15.460368,48.63715
2007,CA,California,2.4884601,0,24.600832,47.433899,51.848701,50.5555,61.5075,0.17402101,0.027912,0.125192,-0.005299,1302,50.470001,34.945431,25.612404,26.827957,34.995686
2007,CO,Colorado,-0.184411,0.10241,21.273775,48.107201,45.712101,38.543598,53.422401,0.003075,-0.134023,-0.035608001,-0.13450301,337,48.112999,29.673761,28.511358,23.476206,38.669781
2007,CT,Connecticut,1.75901,0.091410004,36.06892,37.8311,80.208298,57.6591,83.416801,0.162117,0.080298997,0.108,0.039841,250,44.043999,33.722027,21.923994,27.095814,35.01141
2007,DE,Delaware,0.634893,0.008982,18.7078,30.5903,80.2351,67.439499,73.231201,0.340956,0.014491,0.24489801,0.055555999,49,66.265999,57.60545,8.2192936,41.180893,18.653425
2007,FL,Florida,-0.66514897,0.091410004,30.380537,20.867599,18.6765,15.9504,55.027699,0.040939,-0.177623,-0.010225,-0.166327,978,35.291,33.519398,28.904863,18.507832,43.590351
2007,GA,Georgia,-1.69291,0.002012,20.25425,23.4655,5.35988,7.83709,43.153099,-0.015489,-0.27595699,0.024831001,-0.275938,443,38.569,36.773785,29.356138,17.042376,43.66943
2007,HI,Hawaii,1.751,0.143351,15.684423,41.733501,70.616203,66.896797,80.427101,0.164685,0.27635801,0.166667,0.12766001,48,60.053001,39.434368,16.483435,31.297819,29.201544
2007,ID,Idaho,-1.08571,0.089256003,18.835949,34.4729,13.125,14.0911,31.6518,-0.15450899,-0.24875499,-0.173913,-0.35087699,115,42.585999,25.214481,36.839649,17.901615,48.413193
2007,IL,Illinois,0.51730001,0.32997999,24.686073,28.9065,92.278198,83.371902,69.514702,0.218538,-0.040734999,0.14623301,-0.080576003,677,43.398998,35.555065,20.673302,20.528627,36.308167
2007,IN,Indiana,-0.59560901,0.077209003,16.567835,34.977798,28.48,23.329399,53.2075,0.00088,-0.28353399,-0.049148999,-0.268657,529,39.886002,29.93598,29.54624,18.096189,44.681644
2007,IA,Iowa,0.43530899,0.099394001,14.500255,43.325802,90.590897,77.918404,55.465801,0.056058999,-0.116877,0.088803001,-0.11583,259,39.584,29.632164,26.247458,18.797928,42.142124
2007,KS,Kansas,-0.79182398,0.002546,17.980482,40.278599,52.875,45.8531,44.381199,-0.102966,-0.25033799,-0.153846,-0.235808,234,34.355999,27.9062,31.456387,16.181791,46.96397
2007,KY,Kentucky,-0.63280201,0.067043997,17.115311,30.675699,37.132099,37.5173,51.365398,0.124608,-0.113315,0.13455699,-0.159509,327,34.058998,29.061623,34.186855,15.781948,48.468864
2007,LA,Louisiana,-0.85556,0.112011,15.80775,25.179701,90.166702,73.400497,45.1315,-0.050292999,-0.353291,0.016666999,-0.28692001,240,38.200001,35.623203,29.524651,15.233247,47.265976
2007,ME,Maine,1.4910001,0.59178698,15.710434,63.104,90.553802,80.441399,77.911003,0.033275001,-0.141739,0.079136997,-0.036765002,139,41.487,29.884434,24.764051,24.026726,38.934483
2007,MD,Maryland,1.6712101,0.17821801,18.339684,38.922901,95.1875,86.616997,73.6996,0.28208199,0.024878001,0.240476,0.018779,420,45.816002,40.472622,22.516483,22.829168,36.269699
2007,MA,Massachusetts,1.91776,0.066076003,26.783728,23.6301,94.833298,92.213898,87.756203,0.119468,0.014575,0.201474,0.091583997,407,47.424,33.177563,17.148249,29.094908,33.638859
2007,MI,Michigan,0.33008599,0.14063799,17.902927,55.1385,76.431198,70.0373,64.413002,0.168476,-0.094622001,0.094309002,-0.114961,615,44.301998,33.204868,22.945093,22.783749,38.754597
2007,MN,Minnesota,1.3072701,0.227907,19.203444,60.3013,59.25,50.012699,64.239403,0.110206,-0.107406,0.052873999,-0.114416,435,42.362,29.789503,26.135843,20.301783,40.717384
2007,MS,Mississippi,-2.2530799,0.001908,16.117241,27.669001,37.172298,42.082802,43.431599,0.033693999,-0.32391599,0.065358996,-0.302632,153,40.748001,38.341846,26.475992,15.453771,45.567173
2007,MO,Missouri,-0.381843,0.071736999,19.009401,46.317902,27.805099,20.1556,60.092098,0.064994,-0.224601,0.043880001,-0.243182,433,41.492001,31.540018,25.136635,18.156588,43.109901
2007,MT,Montana,0.404387,0.15291899,18.285866,47.0149,74.883102,63.333698,59.756599,0.215553,-0.249731,0.079544999,-0.33707899,88,44.261002,27.652021,31.282146,20.938883,43.985718
2007,NE,Nebraska,-0.33724499,0.124242,17.831944,44.4599,22.7875,21.8424,45.802502,-0.054529,-0.158411,-0.015625,-0.22656301,128,40.426998,26.640583,35.97123,16.183891,47.93359
2007,NV,Nevada,-0.43440399,0.000934,30.269596,44.324799,41.6395,38.512501,56.0261,0.044202998,-0.14327499,0.132653,-0.142857,98,51.112999,32.464561,24.810915,24.509853,38.108738
2007,NH,New Hampshire,0.88582897,0.152275,19.522322,61.831902,95.120796,78.822998,52.761902,0.010928,-0.166554,0.052632,-0.044443998,95,42.597,28.841063,24.255714,22.538677,39.232651
2007,NJ,New Jersey,2.60044,0.01002,23.102385,52.166401,94.043098,84.622002,75.436996,0.113957,0.001269,0.114719,-0.008475,462,49.346001,35.088825,21.403536,25.342539,35.893394
2007,NM,New Mexico,0.86224198,0.392039,17.719255,24.409599,92.900002,82.358101,64.107697,0.26145601,-0.163808,0.125,-0.172043,96,48.540001,32.297146,25.193483,24.482239,37.920467
2007,NY,New York,2.2100899,0.001103,35.303101,32.662998,83.965897,75.593903,78.766296,0.138036,-0.049600001,0.159266,0.011639,1036,50.453999,37.183712,20.101833,27.59516,33.496323
2007,NC,North Carolina,-1.44032,0.00303,18.428005,32.247299,89.849998,77.0299,55.017601,0.013574,-0.16194201,0.060261,-0.203612,614,38.417,34.556686,27.307167,17.020971,43.12072
2007,ND,North Dakota,-1.3778501,0.00173,15.601486,57.574699,28.709101,33.062599,62.7897,0.065264001,-0.36448801,-0.042856999,-0.42028999,70,38.893002,27.028522,31.2997,16.248503,46.694359
2007,OH,Ohio,-0.054683998,0.071860999,17.17333,47.4907,64.614601,57.561699,62.066799,0.142406,-0.136895,0.072177,-0.140515,859,40.205002,31.68701,27.083632,20.50701,41.761723
2007,OK,Oklahoma,-1.02004,0.076563999,21.288397,35.725201,38.9744,47.811501,27.2251,0.077619001,-0.297667,0,-0.342105,227,39.094002,28.503529,35.215752,15.00384,50.867622
2007,OR,Oregon,1.08442,0.091309004,18.749447,47.187099,89.087502,81.138298,71.632599,-0.017307,0.087315001,0.050675999,0.020761,296,46.915001,30.221376,27.170774,25.57453,38.320389
2007,PA,Pennsylvania,0.68119699,0.057815999,20.394485,36.242298,75.219101,60.959999,68.581902,0.106181,-0.119134,0.092445001,-0.105263,1006,44.092999,32.197659,31.639469,21.690605,39.854935
2007,RI,Rhode Island,1.81538,0.011869,19.566641,34.7393,79.324501,71.630402,86.601997,0.38509101,0.04197,0.20754699,-0.039999999,53,45.366001,33.4799,20.554762,27.135691,34.348488
2007,SC,South Carolina,-1.71989,0.140882,19.078323,21.2341,10.7261,11.8405,47.079201,-0.061845001,-0.281297,-0.071698003,-0.254682,265,39.082001,35.385689,28.794964,16.445799,45.205162
2007,SD,South Dakota,-1.11402,0.002884,18.23827,50.003899,19.735701,23.3596,53.651402,0.045171998,-0.15453599,-0.014493,-0.28125,69,39.186001,27.47719,32.243935,16.728468,46.629772
2007,TN,Tennessee,-0.96287203,0.247748,21.334755,32.427799,71.994499,61.812,52.057201,0.022957999,-0.30143699,-0.059896,-0.293814,384,32.137001,31.821672,32.476177,15.017709,46.716782
2007,TX,Texas,-0.93582702,0.003304,22.72979,24.8633,13.2382,13.0084,49.109501,-0.037452001,-0.212354,-0.093089998,-0.237523,1042,36.877998,30.590452,31.311159,17.285168,46.036209
2007,UT,Utah,-1.13113,0.062121,20.310658,46.160801,16,16.046,40.4659,-0.21706501,-0.28872401,-0.25294101,-0.29885101,170,42.598999,24.410282,40.8759,18.781105,47.986305
2007,VT,Vermont,1.83298,0.000758,18.594051,47.619202,76.0952,73.508202,82.433502,0.23631801,0.061239999,0.150685,0.065788999,73,49.257999,31.91567,21.332108,28.66688,34.227283
2007,VA,Virginia,-0.74926698,0.21879201,17.183435,27.1782,62.366501,52.2686,59.3433,0.020506,-0.17022499,0.005329,-0.174216,563,40.805,34.840195,26.317472,17.991289,41.41827
2007,WA,Washington,1.18944,0.41128999,22.061131,48.409302,94.25,84.876404,65.061401,0.060835,0.005178,0.079155996,-0.012887,379,45.223,31.163887,26.56584,25.909414,37.149406
2007,WV,West Virginia,0.002981,0.057774998,15.425956,52.555599,90.75,81.245796,74.988098,0.249703,-0.26804501,0.158537,-0.27607399,164,31.754,28.443991,34.126976,15.437813,49.432709
2007,WI,Wisconsin,0.608042,0.003183,17.573868,40.438801,78.267303,68.309601,60.470501,0.150437,-0.068112999,0.148837,-0.073394001,430,41.001999,30.22049,24.796812,21.095333,41.150799
2007,WY,Wyoming,-1.01938,0.094578996,33.942558,25.3016,41.248699,51.826,30.068199,-0.31640601,-0.091158003,-0.255319,-0.15555599,47,39.220001,24.407806,40.219418,16.699303,50.476009
2008,AL,Alabama,-1.90583,0.052395999,17.857399,30.6647,52.267899,45.6199,48.369202,-0.043166,-0.37038499,-0.095394999,-0.39423099,304,37.723,32.416981,36.59111,15.253818,49.374977
2008,AK,Alaska,0.224406,0.109617,13.882818,45.817799,52.060299,39.025101,67.103996,-0.011423,-0.38770899,0,-0.28846201,53,44.665001,29.490833,34.825851,18.384275,43.016735
2008,AZ,Arizona,-0.64131099,0.22118001,18.00383,42.396801,56.003502,49.705898,48.543098,0.008052,-0.115867,-0.038095001,-0.086262003,315,52.147999,31.464125,34.654621,21.11327,39.089481
2008,AR,Arkansas,-1.6931601,0.071675003,16.992542,13.4877,88.400002,74.583603,57.632999,0.179928,-0.343063,0.23636401,-0.28310499,220,34.830002,38.248512,31.072876,14.895901,48.092068
2008,CA,California,2.43346,0,20.672945,48.258801,53.360901,50.163601,63.928101,0.203034,0.079625003,0.155114,0.035834,1760,50.16,38.425365,27.976418,30.885824,27.918016
2008,CO,Colorado,-0.129186,0.10241,18.065981,49.395302,89.934998,78.1306,54.1716,0.047538999,-0.085513003,0.069536,-0.11,302,46.997002,28.361292,31.242886,26.223961,32.134899
2008,CT,Connecticut,1.86818,0.091410004,29.428724,38.236401,87.5,57.6591,90.448402,0.28685299,0.030602001,0.226891,0.016736001,238,43.992001,39.929684,20.966537,27.562492,28.555828
2008,DE,Delaware,0.654944,0.008982,16.330305,33.336498,87.098503,68.736198,81.8965,0.54492098,0.27399299,0.31707299,0.078947,41,65.789001,60.578342,6.5882201,54.569252,10.739958
2008,FL,Florida,-0.72421199,0.091410004,25.666546,24.5245,24.882401,15.9504,58.417,0.083122,-0.140287,0.0625,-0.100087,1152,35.603001,29.365343,35.344246,20.077011,39.128384
2008,GA,Georgia,-1.74999,0.002012,17.401365,20.0037,9.9527798,7.4279099,48.595699,-0.036717001,-0.28914499,-0.011976,-0.27383399,501,39.316002,34.914516,31.75935,19.019585,41.632992
2008,HI,Hawaii,1.84821,0.143351,13.431281,37.1814,74.1119,66.896797,84.505302,0.32023001,-0.055041,0.52631599,0.180328,57,57.563999,46.489628,13.737402,38.022514,20.163557
2008,ID,Idaho,-1.08996,0.089256003,16.416502,33.716499,16.625,14.0911,36.255199,-0.000255,-0.224582,-0.089552,-0.222222,134,42.330002,22.627022,37.075874,16.689152,47.240749
2008,IL,Illinois,0.53649002,0.32997999,22.002804,28.5322,87.2761,83.944504,67.278999,0.15898401,-0.13123301,0.083224997,-0.123684,769,42.665001,37.643719,24.577343,26.939894,28.778337
2008,IN,Indiana,-0.43633199,0.077209003,14.457671,37.264702,27.4133,23.329399,50.431599,-0.008718,-0.118003,-0.066794001,-0.21348301,524,39.903,34.313675,25.432867,20.012125,40.641758
2008,IA,Iowa,0.59423101,0.099394001,13.114635,44.604401,90.795799,76.954002,56.951599,0.120209,-0.226215,0.090908997,-0.21611699,286,37.009998,33.456615,26.655106,21.229519,36.615616
2008,KS,Kansas,-0.824018,0.002546,16.261051,41.6516,54,45.8531,44.800999,0.008108,-0.153898,-0.027027,-0.133333,222,33.084,24.479006,39.784439,16.543854,44.547291
2008,KY,Kentucky,-0.65535301,0.067043997,15.67697,28.549101,75.942001,65.1688,52.2952,0.089345999,-0.20574901,0.230216,-0.20577601,278,33.702999,38.431896,36.54512,15.533074,48.355892
2008,LA,Louisiana,-0.82592499,0.112011,23.672476,28.6036,46.543301,43.856098,43.2402,0.018107001,-0.27301699,-0.003521,-0.34875399,284,36.941002,37.605148,32.309776,15.925508,46.45985
2008,ME,Maine,1.44946,0.59178698,14.072196,62.0592,94.464302,80.529099,91.903999,-0.088595003,-0.15125801,0.032680001,-0.012346,153,39.571999,28.460852,29.179699,24.157011,31.310917
2008,MD,Maryland,1.66962,0.17821801,15.033953,38.644001,97.667603,86.616997,78.733902,0.30186599,-0.046117,0.35820901,-0.032738,335,45.465,45.459152,20.551458,27.999395,29.353394
2008,MA,Massachusetts,2.00336,0.066076003,21.824774,18.907,97.291702,92.213898,90.956902,0.25666299,0.054122001,0.230928,0.069038004,485,43.937,37.134693,16.838654,29.675629,26.470194
2008,MI,Michigan,0.318279,0.14063799,16.45808,54.8405,81.752602,70.0373,71.892303,0.116036,-0.20700701,0.10073,-0.17185199,685,42.047001,33.42944,24.256157,23.427641,33.657383
2008,MN,Minnesota,1.15391,0.227907,17.669256,59.9814,64.020798,50.012699,69.155701,0.15008,-0.187327,0.088583,-0.16435599,508,40.354,35.69603,24.806538,22.176334,35.340233
2008,MS,Mississippi,-2.31722,0.001908,16.324419,26.3524,43.478699,44.2099,50.066002,0.19998699,-0.31444901,0.011834,-0.38888901,169,41.063999,39.72134,31.176468,17.498363,43.47353
2008,MO,Missouri,-0.405435,0.071736999,18.527779,44.3041,29.6723,20.893101,60.450901,0.235153,-0.194371,0.184466,-0.162376,515,41.439999,32.873741,26.117241,19.384615,39.118385
2008,MT,Montana,0.24394,0.15291899,16.416241,47.642601,74.556198,63.333698,62.6992,0.002508,0.024733,0.0625,-0.138889,64,43.176998,29.620001,31.990946,21.236237,38.948853
2008,NE,Nebraska,-0.40884101,0.124242,15.563396,50.084702,27.3125,21.8424,48.302799,-0.059547,-0.15504,-0.26277399,-0.268657,137,40.433998,27.806194,37.525368,16.153214,44.612034
2008,NV,Nevada,-0.40188199,0.000934,23.657784,44.500599,49.1292,38.512501,57.490299,0.084463,-0.245836,-0.007634,-0.18181799,131,50.580002,32.241833,27.324591,25.953716,32.554634
2008,NH,New Hampshire,0.72748798,0.152275,16.590322,61.389099,93.849998,78.973396,59.723801,0.092919998,0.087829001,0,-0.089286,115,43.636002,28.001194,24.724642,23.471624,33.184681
2008,NJ,New Jersey,2.55425,0.01002,20.880924,51.112801,96.487503,86.279602,72.182198,0.135279,0.028817,0.118257,-0.026694,482,50.18,36.866333,23.169575,25.663317,30.625505
2008,NM,New Mexico,0.83429301,0.392039,15.799794,24.2251,95.4524,82.358101,68.090401,0.36628601,-0.068915002,0.237288,-0.069564998,118,47.952,37.811932,26.497145,26.592836,32.618523
2008,NY,New York,2.4635,0.001103,30.156807,33.528999,86.551697,76.600998,80.379997,0.30226099,0.016511999,0.252765,0.065098003,1266,48.122002,37.917629,22.553801,28.472281,26.84647
2008,NC,North Carolina,-1.44643,0.00303,16.145203,32.444,91.890198,77.0299,62.4319,0.069853999,-0.2471,0.104377,-0.202703,594,37.522999,40.117992,31.160667,19.978235,40.120647
2008,ND,North Dakota,-1.40046,0.00173,16.521536,59.447201,35.209202,33.062599,67.260597,-0.138171,-0.080550998,-0.142857,-0.23076899,63,38.237999,28.224182,35.611515,17.598501,42.834805
2008,OH,Ohio,-0.084631003,0.071860999,15.576327,47.800999,65.063202,57.561699,62.2883,0.216864,-0.124407,0.133333,-0.154616,900,42.07,33.981667,30.497421,20.762981,37.007893
2008,OK,Oklahoma,-1.03031,0.076563999,19.342945,33.386902,49.373901,47.811501,33.8433,0.110614,-0.34313199,0.038759999,-0.31075701,258,39.042999,35.158833,38.57497,12.926307,51.390388
2008,OR,Oregon,1.16409,0.091309004,15.604937,44.8941,91,81.138298,74.0672,0.18423501,0.074593998,0.14330199,0.052960001,321,45.241001,35.437687,26.522739,27.084568,31.247717
2008,PA,Pennsylvania,0.666996,0.057815999,18.068686,37.423801,77.670502,60.959999,71.825401,0.249531,-0.027418001,0.14083201,-0.070745997,1058,42.627998,39.869717,31.38999,23.020294,33.260353
2008,RI,Rhode Island,1.8528,0.011869,16.487242,33.145699,76.359299,71.630402,84.904701,0.137402,0.144453,0.28048801,0.047059,82,41.841999,33.949306,21.307194,28.575645,27.460625
2008,SC,South Carolina,-1.6516401,0.140882,15.656699,20.8909,10.1983,10.2229,47.901501,-0.011941,-0.346452,-0.13522001,-0.31481501,318,38.230999,34.312115,34.37735,17.791105,43.609482
2008,SD,South Dakota,-1.1203001,0.002884,16.859789,55.080299,21.7857,23.3596,55.885502,-0.098950997,0.126856,-0.089552,-0.279412,67,38.588001,28.490843,37.673866,17.190399,43.241833
2008,TN,Tennessee,-1.03363,0.247748,17.845049,31.9221,72.796303,64.348801,47.780499,-0.08777,-0.30659601,-0.091743,-0.299528,436,32.486,31.366386,30.637712,16.151745,44.929226
2008,TX,Texas,-0.93588698,0.003304,24.10269,27.263201,14.9174,13.9916,47.691502,-0.012975,-0.233628,-0.058554001,-0.242202,1093,36.563,30.389208,34.737198,16.99102,45.594055
2008,UT,Utah,-1.13921,0.062121,17.065079,48.1222,7.875,16.046,28.3976,-0.32229799,-0.32162699,-0.235294,-0.287958,187,43.238998,23.804451,43.626816,16.574137,48.002121
2008,VT,Vermont,1.80384,0.000758,15.92411,45.863701,81.988197,73.508202,87.277901,0.060093001,0.348497,0.088607997,0.232877,79,48.043999,35.764217,22.199121,30.600283,25.415581
2008,VA,Virginia,-0.735654,0.21879201,15.524383,28.0252,76.046799,63.588299,60.003101,0.170462,-0.19386899,0.101639,-0.151613,610,41.011002,34.828018,29.652914,22.006388,36.426521
2008,WA,Washington,1.09302,0.41128999,18.076002,46.0303,95.3125,84.876404,68.772499,0.238287,0.074543998,0.14229999,-0.056751002,513,42.959,37.735817,23.289654,28.988991,30.258238
2008,WV,West Virginia,-0.003903,0.057774998,15.302854,48.679501,87.875,81.245796,79.281998,0.027975,-0.353266,0.125,-0.25324699,152,30.941999,33.046944,35.798832,15.20052,47.461887
2008,WI,Wisconsin,0.63408101,0.003183,16.382168,41.508801,78.678802,68.309601,60.837399,0.031748999,-0.064655997,0.058708001,-0.16538499,511,38.761002,34.353439,26.733631,22.372465,34.123585
2008,WY,Wyoming,-1.0538,0.094578996,28.165781,24.1299,41.219501,51.826,29.646601,-0.138482,-0.056210998,-0.12,-0.078431003,50,38.458,25.810114,43.499245,14.957324,50.091763
2009,AL,Alabama,-1.80256,0.003817,15.336648,30.5347,28.9111,42.333302,27.263,0.046308,-0.26811001,-0.098901004,-0.33453199,273,36.028,30.22559,32.644989,14.03746,50.632874
2009,AK,Alaska,0.088321,0.007663,12.382065,43.5989,46.5812,42.4814,64.238297,-0.175073,-0.32627901,-0.083333001,-0.24489801,48,44.314999,27.389053,31.961824,17.945215,47.964699
2009,AZ,Arizona,-0.82728302,0.022221999,16.127897,45.652199,5.6416702,5.4607301,44.179401,0.062374,-0.121592,-0.028653,-0.17134801,349,50.595001,28.298132,35.508472,19.037556,45.260712
2009,AR,Arkansas,-1.67347,0.003891,17.309797,12.048,82.900002,74.583603,44.2342,0.069553003,-0.131487,-0.011111,-0.31428599,180,34.763,32.538036,28.576466,16.069633,51.669693
2009,CA,California,2.3119199,0,18.776152,49.083698,53.298,49.840698,63.154202,0.214643,0.028553,0.136795,-0.02843,1579,49.742001,39.257969,25.030327,26.538336,35.338734
2009,CO,Colorado,-0.092141002,0.005814,15.404919,50.6577,90.329102,78.685898,52.4496,0.057551,-0.235531,0.048780002,-0.19879501,328,44.737,29.274731,33.086304,23.744112,40.185757
2009,CT,Connecticut,1.85953,0.003937,26.750944,38.6418,71.249496,54.300999,78.049599,0.23773301,0.025526,0.241706,-0.023148,211,45.082001,36.599464,19.618397,28.012375,33.462669
2009,DE,Delaware,0.69623798,0,13.907908,36.082699,90.278099,79.062202,77.6008,0.031732,-0.225297,0,-0.2,49,72.753998,68.695747,8.8181057,48.568748,15.721796
2009,FL,Florida,-0.90806699,0.00578,22.745432,28.2327,18.4063,16.822701,54.423599,0.113719,-0.081624001,0.044652,-0.100735,963,32.556,35.806355,30.897978,18.879257,43.494953
2009,GA,Georgia,-1.8236001,0,15.900887,16.541901,6.5963001,6.7371898,44.607899,0.13116901,-0.202448,0.074398004,-0.25321901,457,38.778999,34.770191,30.134624,15.837746,46.26009
2009,HI,Hawaii,1.84365,0.011364,12.908361,32.6292,73.412903,67.167397,84.059799,0.19041,0.024498001,0.148148,0.109091,54,61.681,47.328079,16.285015,33.313862,28.574623
2009,ID,Idaho,-1.1569999,0.00578,13.654519,32.960098,13.8333,14.9628,27.6924,0.038662001,-0.133066,-0.024390001,-0.27200001,123,40.577999,23.733953,38.335934,16.739275,51.125935
2009,IL,Illinois,0.62752098,0.022988999,18.405636,28.2577,93.212898,85.575996,63.701,0.21145201,-0.057693999,0.15620799,-0.071999997,749,41.983002,39.534916,24.264662,25.22493,36.101395
2009,IN,Indiana,-0.374331,0.005714,13.661336,39.551701,26.8333,20.9049,48.2239,0.117396,-0.21280999,0.001919,-0.223709,521,40.478001,31.803658,32.412106,16.50683,45.763226
2009,IA,Iowa,0.89265501,0.005814,11.669286,45.8829,94.639999,78.825996,53.3074,0.062254,-0.162984,0.080153003,-0.172932,262,36.722,33.494225,26.907372,19.81888,43.389866
2009,KS,Kansas,-0.71245301,0.191038,14.652265,43.0247,55.150002,45.193001,42.512001,-0.133745,-0.25453401,-0.092436999,-0.27350399,238,29.882,25.520475,39.450062,16.267376,49.005699
2009,KY,Kentucky,-0.62477702,0.003876,14.092396,26.4224,73.152802,65.870598,44.955799,0.054933,-0.24109,0.094286002,-0.27469099,350,34.32,39.675411,31.419289,15.210362,50.000111
2009,LA,Louisiana,-0.78833699,0.479532,16.143288,32.0275,41.2994,38.844601,41.747799,0.14196999,-0.30206701,0.092165999,-0.31981999,217,37.219002,35.353359,32.219749,14.890779,49.980736
2009,ME,Maine,1.4587801,,12.785372,61.0144,96.592903,85.058502,81.411301,-0.004452,-0.27368501,0.067163996,-0.231343,134,38.268002,29.58515,22.879599,22.087568,34.214439
2009,MD,Maryland,1.77237,0.007874,13.411971,38.365101,94.444397,83.784698,65.994202,0.32775101,0.047283001,0.238095,-0.032836001,336,48.377998,45.027424,24.036268,24.486134,37.044888
2009,MA,Massachusetts,2.0588901,0.00295,19.101503,14.1839,97.909103,92.450897,86.258904,0.238628,0.078327999,0.22477099,0.086047001,436,43.896999,38.577782,16.407373,30.225212,30.448965
2009,MI,Michigan,0.48370001,0.011364,15.126611,54.542599,79.094002,72.820396,61.238499,0.23695,-0.091640003,0.111878,-0.129655,724,43.353001,37.744781,26.719273,21.033266,40.56366
2009,MN,Minnesota,1.11774,0.47999999,15.474831,59.661598,50.309502,45.021301,56.878201,0.086048,-0.091118,0.076922998,-0.102725,468,39.766998,34.633591,26.70793,20.503899,41.343121
2009,MS,Mississippi,-2.3771801,0,13.94306,25.0616,35.4398,45.519199,39.934299,0.179123,-0.454382,0.017964,-0.46153799,167,42.348999,37.332161,32.33152,16.437319,47.604801
2009,MO,Missouri,-0.62502903,0.002387,14.869286,42.290401,57.520302,52.504101,51.868801,0.075615004,-0.12878899,0.071428999,-0.131687,490,44.301998,29.841022,30.317381,18.530287,45.393715
2009,MT,Montana,0.33151099,0.011429,16.908461,48.270401,65.566299,59.123798,53.814301,-0.156946,-0.32692,-0.093457997,-0.254545,107,41.243999,29.368822,34.826038,19.839621,45.618519
2009,NE,Nebraska,-0.231135,0.85566998,13.157187,55.597099,17.862499,20.105801,35.168098,-0.263583,-0.34349799,-0.21192101,-0.295302,151,38.254002,27.100967,40.470772,15.59691,49.656548
2009,NV,Nevada,-0.187883,0,21.273621,44.676399,48.660702,44.6721,53.638901,0.044727001,-0.025711,0.030864,-0.160494,162,48.518002,34.130604,31.962624,23.77997,40.368103
2009,NH,New Hampshire,0.781214,0.007813,15.339231,60.9464,93.166702,75.965897,56.396301,0.036339,-0.048905998,0.12963,0.046728998,108,46.021,32.680962,22.302267,24.106871,37.176418
2009,NJ,New Jersey,2.4534299,0,18.100609,50.808102,94.986298,84.253899,67.934601,0.237151,-0.046849001,0.169265,0.013363,449,50.327999,37.101936,26.799582,25.31105,34.541183
2009,NM,New Mexico,0.99379599,0.49418601,14.431738,24.0406,92.5,80.087997,60.391998,-0.099188,-0.44639301,-0.009346,-0.24324299,107,50.375999,36.630375,32.769535,25.930023,39.812473
2009,NY,New York,2.35814,0,27.010111,34.395,91.572304,80.200699,77.758102,0.274005,0.008646,0.20086201,0.017065,1160,45.612999,41.869286,20.93891,28.748894,31.869432
2009,NC,North Carolina,-1.46398,0,14.334682,32.6408,86.800903,75.492203,49.593601,0.145557,-0.25920999,0.104258,-0.244477,681,38.928001,37.411079,27.886538,17.902332,43.776619
2009,ND,North Dakota,-1.40359,0,13.700217,61.364799,14.5345,24.3367,52.327599,-0.091062002,-0.300017,0.059999999,-0.240741,50,37.819,27.876194,35.574253,16.578959,48.088398
2009,OH,Ohio,0.080177002,0.010526,13.826474,48.111401,68.500298,63.110802,54.7267,0.155068,-0.21462999,0.115515,-0.160855,883,49.865002,36.817993,29.580111,19.466209,42.786213
2009,OK,Oklahoma,-1.02779,0.005714,16.605507,31.013901,29.3979,42.263,21.1318,0.00594,-0.29343501,0.038314,-0.285171,261,39.627998,27.055696,35.056637,12.069774,54.517982
2009,OR,Oregon,1.46918,0.322835,14.161912,42.562599,94.666702,84.901802,62.592602,0.25652999,0.018356999,0.23754799,0,261,44.202999,34.6903,30.052542,24.295078,40.108398
2009,PA,Pennsylvania,0.417559,0.003846,16.073166,38.605301,71.644501,61.692402,62.811501,0.20796999,-0.086061999,0.177019,-0.105157,966,42.974998,41.732464,30.602821,22.533724,38.94495
2009,RI,Rhode Island,1.85981,0,14.44888,31.552099,73.0466,72.259003,81.698898,0.14067601,-0.084261,0.0625,-0.051282,80,42.602001,38.770977,18.090464,28.695036,32.307594
2009,SC,South Carolina,-1.65619,0.011364,14.226679,20.547701,10.8724,11.4231,48.3335,0.062856004,-0.32732299,-0.072607003,-0.310458,303,40.883999,34.414532,30.513401,17.124336,46.999119
2009,SD,South Dakota,-1.13557,0.19014101,16.028841,60.1567,8,21.834801,47.1213,0.042109001,-0.390861,0.081395,-0.285714,86,37.412998,29.169737,33.022285,16.478771,47.847065
2009,TN,Tennessee,-0.98437798,0.022472,15.953054,31.416401,56.238201,52.207001,44.102001,0.055369999,-0.30403501,-0.010076,-0.285,397,31.433001,29.634764,34.328751,15.225459,50.884171
2009,TX,Texas,-0.95763701,0.241791,18.358231,29.663099,13.823,15.6639,45.182899,-0.01912,-0.250523,-0.103025,-0.31372601,1058,35.838001,28.094631,34.755138,15.725634,49.865391
2009,UT,Utah,-1.10432,0.003861,15.422357,50.083698,9.125,13.7864,28.131001,-0.33347201,-0.364198,-0.28481001,-0.37037,158,40.872002,22.468403,41.907196,14.813177,51.755035
2009,VT,Vermont,1.88671,0,13.682091,44.108299,78.996498,73.649696,85.429703,0.40678599,-0.004523,0.354839,0.131148,62,50.181,35.721043,22.108181,29.732571,31.078163
2009,VA,Virginia,-0.752262,0.32936499,13.546466,29.8088,66.768501,59.630299,48.753101,0.21376599,-0.035611,0.089376003,-0.14070401,593,44.459999,34.380791,28.259857,18.833849,41.734837
2009,WA,Washington,1.2965699,0.053762998,15.387048,43.574902,95.4375,84.876404,61.9823,0.16477901,-0.071792997,0.127193,-0.072494999,456,41.314999,32.942177,27.697065,25.835913,38.253872
2009,WV,West Virginia,-0.091435,0.002933,15.315205,44.803398,84.75,82.616798,62.730598,0.223782,-0.127799,0.28187901,-0.22973,149,30.823,29.728859,33.931915,14.70678,51.872368
2009,WI,Wisconsin,0.88385099,0.191038,15.368384,42.578701,85.177101,77.624298,53.532501,0.061625,-0.071647003,0.078652002,-0.074398004,445,40.962002,33.401875,26.092974,20.867109,40.66283
2009,WY,Wyoming,-1.02143,0.005797,20.681189,22.9583,41.1488,49.917301,27.2055,-0.47121099,-0.251214,-0.57499999,-0.384615,40,35.255001,21.790956,45.555218,14.462258,54.364628
2010,AL,Alabama,-1.78848,0.003817,16.746586,31.1343,20.4816,41.7827,19.252899,-0.086585999,-0.20312899,-0.15942,-0.36687601,483,38.525002,30.542488,36.145782,12.992074,51.236362
2010,AK,Alaska,0.121621,0.007663,12.306077,40.2005,32.8937,42.4814,50.979198,-0.094833001,-0.358408,-0.064516,-0.23076899,62,41.257,26.381798,34.604534,15.694003,47.12236
2010,AZ,Arizona,-0.79138899,0.022221999,16.862206,44.404499,4.46,5.4607301,39.173698,0.124888,-0.040743999,-0.012685,-0.176349,473,48.683998,28.864111,32.490452,16.789667,44.79229
2010,AR,Arkansas,-1.7430201,0.003891,17.437702,13.9091,64.900002,74.583603,32.1731,0.083899997,-0.28168499,0.065728001,-0.30985901,213,33.278,27.680687,36.313049,12.535939,53.80603
2010,CA,California,2.3878601,0,22.031796,49.587898,49.537998,49.840698,58.178398,0.167955,0.025761001,0.106679,-0.052857,2081,46.618999,37.087425,26.302738,26.288578,32.32589
2010,CO,Colorado,-0.13146999,0.005814,17.639023,51.888401,84.5121,78.685898,45.873901,-0.109512,-0.25812799,-0.098733999,-0.218509,395,43.421001,26.859352,32.470108,21.018734,39.747242
2010,CT,Connecticut,1.93291,0.003937,32.705212,41.028301,61.7202,54.300999,68.403297,0.059310999,-0.023538001,0.114894,-0.059322,235,43.379002,34.038822,26.398819,24.751806,33.31284
2010,DE,Delaware,0.67499602,0,13.338219,37.701199,84.241501,79.062202,71.351898,0.25283599,-0.241634,0.038462002,-0.27848101,78,65.487999,63.19503,10.571264,49.707645,14.454249
2010,FL,Florida,-0.826814,0.00578,23.635471,29.448601,9.03125,16.822701,45.970402,0.021826999,-0.210623,0.007015,-0.21623699,1283,37.574001,32.639362,33.172588,17.389866,41.891586
2010,GA,Georgia,-1.92217,0,16.41737,16.255301,3.89591,6.4921699,39.731998,-0.048792001,-0.31670499,-0.064915001,-0.32872501,647,37.716999,34.598297,33.350666,16.568472,44.528648
2010,HI,Hawaii,1.96069,0.011364,11.287969,35.305401,58.083302,67.167397,71.051498,0.0449,-0.11003,0.21212099,-0.014493,66,54.972,48.813362,15.414328,33.405132,25.01812
2010,ID,Idaho,-1.20575,0.00578,13.925671,32.041,4,14.9628,19.7222,-0.26429099,-0.24427199,-0.25362301,-0.29710099,138,38.130001,20.341112,42.244789,12.499195,54.477898
2010,IL,Illinois,0.56849599,0.022988999,20.44236,29.428499,88.962601,85.575996,56.484699,0.17825,-0.122487,0.133333,-0.153488,840,41.549999,36.477608,24.554165,23.323854,36.460934
2010,IN,Indiana,-0.39346701,0.005714,14.102842,41.426701,18.586,20.9049,40.428699,0.058115002,-0.25005201,-0.053512,-0.29756099,598,38.342999,26.216637,32.74781,16.38611,44.916943
2010,IA,Iowa,0.83915001,0.005814,12.099996,47.329201,94.386703,78.825996,48.092701,0.087526001,-0.32161099,0.047904,-0.302053,334,36.257999,23.016315,32.722103,18.603369,43.251873
2010,KS,Kansas,-0.64876199,0.191038,16.40237,43.0009,48.900002,45.193001,35.0522,-0.052260999,-0.244473,-0.12851401,-0.30120501,249,33.511002,28.527737,34.474407,13.810391,49.098785
2010,KY,Kentucky,-0.71399301,0.003876,15.259871,30.3326,69.026703,68.364403,37.490601,0.05068,-0.21083499,0.071782,-0.219753,404,33.206001,36.245903,34.834282,13.070704,51.973797
2010,LA,Louisiana,-0.88589501,0.479532,16.271406,35.4515,39.035301,39.423302,36.819,-0.019164,-0.372031,-0.011696,-0.402724,513,37.076,36.720844,31.302523,13.858163,48.279133
2010,ME,Maine,1.42905,,13.042531,60.497898,94.214302,85.058502,68.915901,0.00966,-0.15008099,0.05618,-0.103261,178,37.092999,29.296717,27.881842,22.18895,36.969696
2010,MD,Maryland,1.66903,0.007874,14.36527,38.355801,91.611099,83.784698,60.185902,0.251607,-0.035082001,0.218447,-0.053268999,412,46.993,44.140953,24.391903,24.972761,33.724506
2010,MA,Massachusetts,2.0162001,0.00295,24.364191,18.8025,95.909103,92.450897,68.041,0.192375,-0.096170001,0.190751,-0.011605,519,41.264999,34.221371,17.347544,26.583588,32.276871
2010,MI,Michigan,0.42839399,0.011364,16.879484,53.967602,75.276497,71.9888,54.740601,0.027163001,-0.154928,0.013514,-0.21279401,740,40.973,28.430225,30.085133,20.296204,40.055473
2010,MN,Minnesota,1.12596,0.47999999,17.126762,59.431,45.488098,45.021301,50.478001,0.10184,-0.147421,0.068392001,-0.172352,541,39.122002,34.079205,30.761158,19.272432,41.220196
2010,MS,Mississippi,-2.28585,0,17.430269,23.7959,26.905199,45.0872,31.165701,0.091808997,-0.40766001,-0.017361,-0.41355899,288,41.502998,34.959408,35.928093,14.890096,46.69112
2010,MO,Missouri,-0.74291497,0.002387,16.491085,39.416302,49.9534,52.680698,42.512901,-0.005486,-0.167679,-0.026737999,-0.23674899,561,40.950001,30.162264,29.515682,16.421278,45.309143
2010,MT,Montana,0.27867201,0.011429,15.973417,47.029499,58.744999,59.123798,44.544102,-0.18457399,-0.184692,-0.015625,-0.149606,128,39.130001,25.143181,34.139538,16.331516,47.171413
2010,NE,Nebraska,-0.27152699,0.85566998,15.555407,52.006599,10.4625,20.105801,19.2561,-0.116826,-0.198682,-0.1875,-0.281609,176,38.313,26.716377,38.429382,13.547023,50.60144
2010,NV,Nevada,-0.134868,0,25.160658,48.984402,46.346401,44.6721,49.428398,0.115874,-0.146708,-0.068966001,-0.285714,174,46.792999,32.719948,29.715391,21.009912,39.119076
2010,NH,New Hampshire,0.75740802,0.007813,17.604071,61.584099,88.932602,75.965897,51.860199,0.098826997,-0.001362,0.007937,-0.134921,126,43.411999,27.103046,31.539921,20.680397,39.900753
2010,NJ,New Jersey,2.4366801,0,20.269579,50.503399,49.301201,48.902802,56.391102,0.196503,-0.014403,0.148499,0.011041,633,48.257,32.742325,27.408613,24.229679,35.088192
2010,NM,New Mexico,0.93185902,0.49418601,14.742524,23.771601,94.099998,80.087997,56.813702,0.28161901,-0.101291,0.089286,-0.195122,168,45.897999,33.816647,30.027779,22.019583,38.568272
2010,NY,New York,2.32848,0,30.171469,36.4174,86.677696,80.200699,64.279602,0.28022701,0.042801,0.22060999,0.007829,1378,44.561001,42.015175,21.97471,27.282265,29.3426
2010,NC,North Carolina,-1.47211,0,14.434773,35.448601,79.466698,75.492203,45.647701,0.116153,-0.30733299,0.054862998,-0.29652601,802,38.443001,33.549458,34.842651,17.354996,45.801964
2010,ND,North Dakota,-1.43468,0,14.948772,57.551701,12.0961,24.3367,46.4305,-0.112045,-0.213477,-0.146667,-0.38028201,75,35.729,21.93804,37.192497,14.291688,49.810226
2010,OH,Ohio,0.102541,0.010526,14.881367,48.523899,62.832802,63.110802,45.750801,0.106746,-0.17445201,0.063063003,-0.230536,999,43.171001,32.639244,32.167725,18.223593,42.718811
2010,OK,Oklahoma,-1.11755,0.005714,16.210499,29.158001,26.1493,42.263,17.880301,0.056465998,-0.45096901,0.012195,-0.39817601,328,37.168999,31.961706,38.94939,11.278443,55.07999
2010,OR,Oregon,1.47391,0.322835,14.737802,44.912399,95.333298,84.901802,53.831799,0.102456,-0.035305999,0.106742,-0.055555999,356,41.990002,32.457668,32.176601,22.026773,38.793152
2010,PA,Pennsylvania,0.33939701,0.003846,17.194166,36.887501,64.325401,60.7724,54.851101,0.113266,-0.15138701,0.054694001,-0.15983599,1225,41.841,35.926823,33.85844,20.468843,38.735397
2010,RI,Rhode Island,1.83488,0,15.546247,36.4814,69.098602,72.259003,78.930099,0.27954301,0.075663999,0.177215,-0.012346,79,41.338001,33.611031,24.330532,26.838442,32.758121
2010,SC,South Carolina,-1.70005,0.011364,14.968705,20.178801,10.2409,11.4231,44.550098,0.024622999,-0.26655099,-0.088496,-0.30994201,339,37.069,30.180035,35.578609,15.385854,47.074696
2010,SD,South Dakota,-1.16267,0.19014101,15.826143,56.3153,3.5,21.834801,38.754299,-0.226905,-0.38488901,-0.084337004,-0.284091,83,36.700001,26.078999,37.185406,14.48839,49.003323
2010,TN,Tennessee,-1.00328,0.022472,17.174028,33.319698,45.513,51.567101,32.064301,-0.001663,-0.362115,0.001923,-0.36100399,520,33.977001,32.517925,32.268723,13.576244,48.399902
2010,TX,Texas,-1.03082,0.241791,20.50515,29.4265,8.7565699,15.1692,37.842098,-0.034782998,-0.27524599,-0.13633101,-0.356379,1379,36.375,25.492094,37.074455,14.94195,50.03994
2010,UT,Utah,-1.1170599,0.003861,15.347709,49.694698,6.125,13.7864,27.0221,-0.063052997,-0.29099101,-0.13369,-0.30569899,187,39.437,17.729622,45.858566,11.67468,56.336948
2010,VT,Vermont,1.79821,0,13.056034,46.648899,80.6408,73.649696,86.637901,0.28544,0.160566,0.205128,0.153846,78,46.608002,34.509968,23.471762,28.594452,30.768034
2010,VA,Virginia,-0.894575,0.32936499,15.755979,31.592501,58.1838,57.604801,42.5881,0.001822,-0.112873,0.037974998,-0.120499,711,41.873001,28.645836,32.973919,19.21796,41.516212
2010,WA,Washington,1.31443,0.053762998,16.430599,44.452301,90.75,84.876404,51.469601,0.064465001,-0.159132,0.078152999,-0.115318,563,37.803001,32.548092,27.098156,23.030035,36.518799
2010,WV,West Virginia,-0.148389,0.002933,14.429784,44.661201,85,82.616798,48.568802,0.163173,-0.28737599,0.171271,-0.31666699,181,31.237,28.283306,39.159843,12.518418,52.547817
2010,WI,Wisconsin,1.04418,0.191038,15.76768,44.104099,84.492401,77.624298,49.745602,-0.018228,-0.212467,-0.036851,-0.199037,597,37.780998,33.025021,29.261387,19.336538,39.675499
2010,WY,Wyoming,-1.18007,0.005797,28.470888,22.6366,37.4743,49.917301,21.457701,0.114715,-0.231754,-0.140351,-0.38888901,57,32.716,20.198349,44.21558,11.076514,56.56588