"","state","year","population"
"1","Alabama","2000",4452173
"2","Alaska","2000",627963
"3","Arizona","2000",5160586
"4","Arkansas","2000",2678588
"5","California","2000",33987977
"6","Colorado","2000",4326921
"7","Connecticut","2000",3411777
"8","Delaware","2000",786373
"9","Florida","2000",16047515
"10","Georgia","2000",8227303
"11","Hawaii","2000",1213519
"12","Idaho","2000",1299430
"13","Illinois","2000",12434161
"14","Indiana","2000",6091866
"15","Iowa","2000",2929067
"16","Kansas","2000",2693681
"17","Kentucky","2000",4049021
"18","Louisiana","2000",4471885
"19","Maine","2000",1277072
"20","Maryland","2000",5311034
"21","Massachusetts","2000",6361104
"22","Michigan","2000",9952450
"23","Minnesota","2000",4933692
"24","Mississippi","2000",2848353
"25","Missouri","2000",5607285
"26","Montana","2000",903773
"27","Nebraska","2000",1713820
"28","Nevada","2000",2018741
"29","New Hampshire","2000",1239882
"30","New Jersey","2000",8430621
"31","New Mexico","2000",1821204
"32","New York","2000",19001780
"33","North Carolina","2000",8081614
"34","North Dakota","2000",642023
"35","Ohio","2000",11363543
"36","Oklahoma","2000",3454365
"37","Oregon","2000",3429708
"38","Pennsylvania","2000",12284173
"39","Rhode Island","2000",1050268
"40","South Carolina","2000",4024223
"41","South Dakota","2000",755844
"42","Tennessee","2000",5703719
"43","Texas","2000",20944499
"44","Utah","2000",2244502
"45","Vermont","2000",609618
"46","Virginia","2000",7105817
"47","Washington","2000",5910512
"48","West Virginia","2000",1807021
"49","Wisconsin","2000",5373999
"50","Wyoming","2000",494300
"51","Alabama","2001",4467634
"52","Alaska","2001",633714
"53","Arizona","2001",5273477
"54","Arkansas","2001",2691571
"55","California","2001",34479458
"56","Colorado","2001",4425687
"57","Connecticut","2001",3432835
"58","Delaware","2001",795699
"59","Florida","2001",16356966
"60","Georgia","2001",8377038
"61","Hawaii","2001",1225948
"62","Idaho","2001",1319962
"63","Illinois","2001",12488445
"64","Indiana","2001",6127760
"65","Iowa","2001",2931997
"66","Kansas","2001",2702162
"67","Kentucky","2001",4068132
"68","Louisiana","2001",4477875
"69","Maine","2001",1285692
"70","Maryland","2001",5374691
"71","Massachusetts","2001",6397634
"72","Michigan","2001",9991120
"73","Minnesota","2001",4982796
"74","Mississippi","2001",2852994
"75","Missouri","2001",5641142
"76","Montana","2001",906961
"77","Nebraska","2001",1719836
"78","Nevada","2001",2098399
"79","New Hampshire","2001",1255517
"80","New Jersey","2001",8492671
"81","New Mexico","2001",1831690
"82","New York","2001",19082838
"83","North Carolina","2001",8210122
"84","North Dakota","2001",639062
"85","Ohio","2001",11387404
"86","Oklahoma","2001",3467100
"87","Oregon","2001",3467937
"88","Pennsylvania","2001",12298970
"89","Rhode Island","2001",1057142
"90","South Carolina","2001",4064995
"91","South Dakota","2001",757972
"92","Tennessee","2001",5750789
"93","Texas","2001",21319622
"94","Utah","2001",2283715
"95","Vermont","2001",612223
"96","Virginia","2001",7198362
"97","Washington","2001",5985722
"98","West Virginia","2001",1801481
"99","Wisconsin","2001",5406835
"100","Wyoming","2001",494657
"101","Alabama","2002",4480089
"102","Alaska","2002",642337
"103","Arizona","2002",5396255
"104","Arkansas","2002",2705927
"105","California","2002",34871843
"106","Colorado","2002",4490406
"107","Connecticut","2002",3458749
"108","Delaware","2002",806169
"109","Florida","2002",16689370
"110","Georgia","2002",8508256
"111","Hawaii","2002",1239613
"112","Idaho","2002",1340372
"113","Illinois","2002",12525556
"114","Indiana","2002",6155967
"115","Iowa","2002",2934234
"116","Kansas","2002",2713535
"117","Kentucky","2002",4089875
"118","Louisiana","2002",4497267
"119","Maine","2002",1295960
"120","Maryland","2002",5440389
"121","Massachusetts","2002",6417206
"122","Michigan","2002",10015710
"123","Minnesota","2002",5018935
"124","Mississippi","2002",2858681
"125","Missouri","2002",5674825
"126","Montana","2002",911667
"127","Nebraska","2002",1728292
"128","Nevada","2002",2173791
"129","New Hampshire","2002",1269089
"130","New Jersey","2002",8552643
"131","New Mexico","2002",1855309
"132","New York","2002",19137800
"133","North Carolina","2002",8326201
"134","North Dakota","2002",638168
"135","Ohio","2002",11407889
"136","Oklahoma","2002",3489080
"137","Oregon","2002",3513424
"138","Pennsylvania","2002",12331031
"139","Rhode Island","2002",1065995
"140","South Carolina","2002",4107795
"141","South Dakota","2002",760020
"142","Tennessee","2002",5795918
"143","Texas","2002",21690325
"144","Utah","2002",2324815
"145","Vermont","2002",615442
"146","Virginia","2002",7286873
"147","Washington","2002",6052349
"148","West Virginia","2002",1805414
"149","Wisconsin","2002",5445162
"150","Wyoming","2002",500017
"151","Alabama","2003",4503491
"152","Alaska","2003",648414
"153","Arizona","2003",5510364
"154","Arkansas","2003",2724816
"155","California","2003",35253159
"156","Colorado","2003",4528732
"157","Connecticut","2003",3484336
"158","Delaware","2003",818003
"159","Florida","2003",17004085
"160","Georgia","2003",8622793
"161","Hawaii","2003",1251154
"162","Idaho","2003",1363380
"163","Illinois","2003",12556006
"164","Indiana","2003",6196638
"165","Iowa","2003",2941999
"166","Kansas","2003",2723004
"167","Kentucky","2003",4117170
"168","Louisiana","2003",4521042
"169","Maine","2003",1306513
"170","Maryland","2003",5496269
"171","Massachusetts","2003",6422565
"172","Michigan","2003",10041152
"173","Minnesota","2003",5053572
"174","Mississippi","2003",2868312
"175","Missouri","2003",5709403
"176","Montana","2003",919630
"177","Nebraska","2003",1738643
"178","Nevada","2003",2248850
"179","New Hampshire","2003",1279840
"180","New Jersey","2003",8601402
"181","New Mexico","2003",1877574
"182","New York","2003",19175939
"183","North Carolina","2003",8422501
"184","North Dakota","2003",638817
"185","Ohio","2003",11434788
"186","Oklahoma","2003",3504892
"187","Oregon","2003",3547376
"188","Pennsylvania","2003",12374658
"189","Rhode Island","2003",1071342
"190","South Carolina","2003",4150297
"191","South Dakota","2003",763729
"192","Tennessee","2003",5847812
"193","Texas","2003",22030931
"194","Utah","2003",2360137
"195","Vermont","2003",617858
"196","Virginia","2003",7366977
"197","Washington","2003",6104115
"198","West Virginia","2003",1812295
"199","Wisconsin","2003",5479203
"200","Wyoming","2003",503453
"201","Alabama","2004",4530729
"202","Alaska","2004",659286
"203","Arizona","2004",5652404
"204","Arkansas","2004",2749686
"205","California","2004",35574576
"206","Colorado","2004",4575013
"207","Connecticut","2004",3496094
"208","Delaware","2004",830803
"209","Florida","2004",17415318
"210","Georgia","2004",8769252
"211","Hawaii","2004",1273569
"212","Idaho","2004",1391802
"213","Illinois","2004",12589773
"214","Indiana","2004",6233007
"215","Iowa","2004",2953635
"216","Kansas","2004",2734373
"217","Kentucky","2004",4146101
"218","Louisiana","2004",4552238
"219","Maine","2004",1313688
"220","Maryland","2004",5546935
"221","Massachusetts","2004",6412281
"222","Michigan","2004",10055315
"223","Minnesota","2004",5087713
"224","Mississippi","2004",2889010
"225","Missouri","2004",5747741
"226","Montana","2004",930009
"227","Nebraska","2004",1749370
"228","Nevada","2004",2346222
"229","New Hampshire","2004",1290121
"230","New Jersey","2004",8634561
"231","New Mexico","2004",1903808
"232","New York","2004",19171567
"233","North Carolina","2004",8553152
"234","North Dakota","2004",644705
"235","Ohio","2004",11452251
"236","Oklahoma","2004",3525233
"237","Oregon","2004",3569463
"238","Pennsylvania","2004",12410722
"239","Rhode Island","2004",1074579
"240","South Carolina","2004",4210921
"241","South Dakota","2004",770396
"242","Tennessee","2004",5910809
"243","Texas","2004",22394023
"244","Utah","2004",2401580
"245","Vermont","2004",619920
"246","Virginia","2004",7475575
"247","Washington","2004",6178645
"248","West Virginia","2004",1816438
"249","Wisconsin","2004",5514026
"250","Wyoming","2004",509106
"251","Alabama","2005",4569805
"252","Alaska","2005",666946
"253","Arizona","2005",5839077
"254","Arkansas","2005",2781097
"255","California","2005",35827943
"256","Colorado","2005",4631888
"257","Connecticut","2005",3506956
"258","Delaware","2005",845150
"259","Florida","2005",17842038
"260","Georgia","2005",8925922
"261","Hawaii","2005",1292729
"262","Idaho","2005",1428241
"263","Illinois","2005",12609903
"264","Indiana","2005",6278616
"265","Iowa","2005",2964454
"266","Kansas","2005",2745299
"267","Kentucky","2005",4182742
"268","Louisiana","2005",4576628
"269","Maine","2005",1318787
"270","Maryland","2005",5592379
"271","Massachusetts","2005",6403290
"272","Michigan","2005",10051137
"273","Minnesota","2005",5119598
"274","Mississippi","2005",2905943
"275","Missouri","2005",5790300
"276","Montana","2005",940102
"277","Nebraska","2005",1761497
"278","Nevada","2005",2432143
"279","New Hampshire","2005",1298492
"280","New Jersey","2005",8651974
"281","New Mexico","2005",1932274
"282","New York","2005",19132610
"283","North Carolina","2005",8705407
"284","North Dakota","2005",646089
"285","Ohio","2005",11463320
"286","Oklahoma","2005",3548597
"287","Oregon","2005",3613202
"288","Pennsylvania","2005",12449990
"289","Rhode Island","2005",1067916
"290","South Carolina","2005",4270150
"291","South Dakota","2005",775493
"292","Tennessee","2005",5991057
"293","Texas","2005",22778123
"294","Utah","2005",2457719
"295","Vermont","2005",621215
"296","Virginia","2005",7577105
"297","Washington","2005",6257305
"298","West Virginia","2005",1820492
"299","Wisconsin","2005",5546166
"300","Wyoming","2005",514157
"301","Alabama","2006",4628981
"302","Alaska","2006",675302
"303","Arizona","2006",6029141
"304","Arkansas","2006",2821761
"305","California","2006",36021202
"306","Colorado","2006",4720423
"307","Connecticut","2006",3517460
"308","Delaware","2006",859268
"309","Florida","2006",18166990
"310","Georgia","2006",9155813
"311","Hawaii","2006",1309731
"312","Idaho","2006",1468669
"313","Illinois","2006",12643955
"314","Indiana","2006",6332669
"315","Iowa","2006",2982644
"316","Kansas","2006",2762931
"317","Kentucky","2006",4219239
"318","Louisiana","2006",4302665
"319","Maine","2006",1323619
"320","Maryland","2006",5627367
"321","Massachusetts","2006",6410084
"322","Michigan","2006",10036081
"323","Minnesota","2006",5163555
"324","Mississippi","2006",2904978
"325","Missouri","2006",5842704
"326","Montana","2006",952692
"327","Nebraska","2006",1772693
"328","Nevada","2006",2522658
"329","New Hampshire","2006",1308389
"330","New Jersey","2006",8661679
"331","New Mexico","2006",1962137
"332","New York","2006",19104631
"333","North Carolina","2006",8917270
"334","North Dakota","2006",649422
"335","Ohio","2006",11481213
"336","Oklahoma","2006",3594090
"337","Oregon","2006",3670883
"338","Pennsylvania","2006",12510809
"339","Rhode Island","2006",1063096
"340","South Carolina","2006",4357847
"341","South Dakota","2006",783033
"342","Tennessee","2006",6088766
"343","Texas","2006",23359580
"344","Utah","2006",2525507
"345","Vermont","2006",622892
"346","Virginia","2006",7673725
"347","Washington","2006",6370753
"348","West Virginia","2006",1827912
"349","Wisconsin","2006",5577655
"350","Wyoming","2006",522667
"351","Alabama","2007",4672840
"352","Alaska","2007",680300
"353","Arizona","2007",6167681
"354","Arkansas","2007",2848650
"355","California","2007",36250311
"356","Colorado","2007",4803868
"357","Connecticut","2007",3527270
"358","Delaware","2007",871749
"359","Florida","2007",18367842
"360","Georgia","2007",9349988
"361","Hawaii","2007",1315675
"362","Idaho","2007",1505105
"363","Illinois","2007",12695866
"364","Indiana","2007",6379599
"365","Iowa","2007",2999212
"366","Kansas","2007",2783785
"367","Kentucky","2007",4256672
"368","Louisiana","2007",4375581
"369","Maine","2007",1327040
"370","Maryland","2007",5653408
"371","Massachusetts","2007",6431559
"372","Michigan","2007",10001284
"373","Minnesota","2007",5207203
"374","Mississippi","2007",2928350
"375","Missouri","2007",5887612
"376","Montana","2007",964706
"377","Nebraska","2007",1783440
"378","Nevada","2007",2601072
"379","New Hampshire","2007",1312540
"380","New Jersey","2007",8677885
"381","New Mexico","2007",1990070
"382","New York","2007",19132335
"383","North Carolina","2007",9118037
"384","North Dakota","2007",652822
"385","Ohio","2007",11500468
"386","Oklahoma","2007",3634349
"387","Oregon","2007",3722417
"388","Pennsylvania","2007",12563937
"389","Rhode Island","2007",1057315
"390","South Carolina","2007",4444110
"391","South Dakota","2007",791623
"392","Tennessee","2007",6175727
"393","Texas","2007",23831983
"394","Utah","2007",2597746
"395","Vermont","2007",623481
"396","Virginia","2007",7751000
"397","Washington","2007",6461587
"398","West Virginia","2007",1834052
"399","Wisconsin","2007",5610775
"400","Wyoming","2007",534876
"401","Alabama","2008",4718206
"402","Alaska","2008",687455
"403","Arizona","2008",6280362
"404","Arkansas","2008",2874554
"405","California","2008",36604337
"406","Colorado","2008",4889730
"407","Connecticut","2008",3545579
"408","Delaware","2008",883874
"409","Florida","2008",18527305
"410","Georgia","2008",9504843
"411","Hawaii","2008",1332213
"412","Idaho","2008",1534320
"413","Illinois","2008",12747038
"414","Indiana","2008",6424806
"415","Iowa","2008",3016734
"416","Kansas","2008",2808076
"417","Kentucky","2008",4289878
"418","Louisiana","2008",4435586
"419","Maine","2008",1330509
"420","Maryland","2008",5684965
"421","Massachusetts","2008",6468967
"422","Michigan","2008",9946889
"423","Minnesota","2008",5247018
"424","Mississippi","2008",2947806
"425","Missouri","2008",5923916
"426","Montana","2008",976415
"427","Nebraska","2008",1796378
"428","Nevada","2008",2653630
"429","New Hampshire","2008",1315906
"430","New Jersey","2008",8711090
"431","New Mexico","2008",2010662
"432","New York","2008",19212436
"433","North Carolina","2008",9309449
"434","North Dakota","2008",657569
"435","Ohio","2008",11515391
"436","Oklahoma","2008",3668976
"437","Oregon","2008",3768748
"438","Pennsylvania","2008",12612285
"439","Rhode Island","2008",1055003
"440","South Carolina","2008",4528996
"441","South Dakota","2008",799124
"442","Tennessee","2008",6247411
"443","Texas","2008",24309039
"444","Utah","2008",2663029
"445","Vermont","2008",624151
"446","Virginia","2008",7833496
"447","Washington","2008",6562231
"448","West Virginia","2008",1840310
"449","Wisconsin","2008",5640996
"450","Wyoming","2008",546043
"451","Alabama","2009",4757938
"452","Alaska","2009",698895
"453","Arizona","2009",6343154
"454","Arkansas","2009",2896843
"455","California","2009",36961229
"456","Colorado","2009",4972195
"457","Connecticut","2009",3561807
"458","Delaware","2009",891730
"459","Florida","2009",18652644
"460","Georgia","2009",9620846
"461","Hawaii","2009",1346717
"462","Idaho","2009",1554439
"463","Illinois","2009",12796778
"464","Indiana","2009",6459325
"465","Iowa","2009",3032870
"466","Kansas","2009",2832704
"467","Kentucky","2009",4317074
"468","Louisiana","2009",4491648
"469","Maine","2009",1329590
"470","Maryland","2009",5730388
"471","Massachusetts","2009",6517613
"472","Michigan","2009",9901591
"473","Minnesota","2009",5281203
"474","Mississippi","2009",2958774
"475","Missouri","2009",5961088
"476","Montana","2009",983982
"477","Nebraska","2009",1812683
"478","Nevada","2009",2684665
"479","New Hampshire","2009",1316102
"480","New Jersey","2009",8755602
"481","New Mexico","2009",2036802
"482","New York","2009",19307066
"483","North Carolina","2009",9449566
"484","North Dakota","2009",664968
"485","Ohio","2009",11528896
"486","Oklahoma","2009",3717572
"487","Oregon","2009",3808600
"488","Pennsylvania","2009",12666858
"489","Rhode Island","2009",1053646
"490","South Carolina","2009",4589872
"491","South Dakota","2009",807067
"492","Tennessee","2009",6306019
"493","Texas","2009",24801761
"494","Utah","2009",2723421
"495","Vermont","2009",624817
"496","Virginia","2009",7925937
"497","Washington","2009",6667426
"498","West Virginia","2009",1847775
"499","Wisconsin","2009",5669264
"500","Wyoming","2009",559851
"501","Alabama","2010",4785298
"502","Alaska","2010",713985
"503","Arizona","2010",6413737
"504","Arkansas","2010",2921606
"505","California","2010",37349363
"506","Colorado","2010",5049071
"507","Connecticut","2010",3577073
"508","Delaware","2010",899769
"509","Florida","2010",18843326
"510","Georgia","2010",9712587
"511","Hawaii","2010",1363621
"512","Idaho","2010",1571450
"513","Illinois","2010",12843166
"514","Indiana","2010",6490621
"515","Iowa","2010",3049883
"516","Kansas","2010",2859169
"517","Kentucky","2010",4346266
"518","Louisiana","2010",4544228
"519","Maine","2010",1327567
"520","Maryland","2010",5785982
"521","Massachusetts","2010",6557254
"522","Michigan","2010",9877574
"523","Minnesota","2010",5310584
"524","Mississippi","2010",2970036
"525","Missouri","2010",5996231
"526","Montana","2010",990898
"527","Nebraska","2010",1830429
"528","Nevada","2010",2704642
"529","New Hampshire","2010",1316759
"530","New Jersey","2010",8801624
"531","New Mexico","2010",2065932
"532","New York","2010",19392283
"533","North Carolina","2010",9561558
"534","North Dakota","2010",674499
"535","Ohio","2010",11536182
"536","Oklahoma","2010",3761702
"537","Oregon","2010",3838957
"538","Pennsylvania","2010",12709630
"539","Rhode Island","2010",1052886
"540","South Carolina","2010",4636312
"541","South Dakota","2010",816463
"542","Tennessee","2010",6356897
"543","Texas","2010",25257114
"544","Utah","2010",2776469
"545","Vermont","2010",625960
"546","Virginia","2010",8024617
"547","Washington","2010",6744496
"548","West Virginia","2010",1853973
"549","Wisconsin","2010",5691047
"550","Wyoming","2010",564460
